numeroconfiguraciones,mediaerror,deviacion,5,2,1.5,1,0.5,0.2,0.1,0.01,0
6,0.0686167927,0.0131794437,1,1,1,1,1,1,0.9913723914,4.34190692815231E-006,9.62957783218754E-008
7,0.06907766,0.0108907852,1,1,1,1,1,1,0.9977394555,0.000000029,1.12840868140398E-010
8,0.066874096,0.0098984568,1,1,1,1,1,1,0.9995909137,4.57561828852908E-009,7.09206849020074E-012
9,0.0621715522,0.0107985035,1,1,1,1,1,1,0.9997700784,0.000000678,4.27038635492369E-009
10,0.0622981564,0.0094814432,1,1,1,1,1,1,0.9999650142,1.73555573085278E-008,2.50673637925339E-011
11,0.0611169499,0.0110073717,1,1,1,1,1,1,0.9997941402,1.70960370360799E-006,1.40914866908633E-008
12,0.060589452,0.0117734761,1,1,1,1,1,1,0.9995921347,8.66015510027066E-006,1.32860532157332E-007
13,0.062056231,0.0123810406,1,1,1,1,1,1,0.9989104383,1.30823166279233E-005,2.69058514238518E-007
14,0.0593116247,0.0102417779,1,1,1,1,1,1,0.9999644813,7.36912506298839E-007,3.4954012146961E-009
15,0.0581129665,0.0108739373,1,1,1,1,1,1,0.9999414353,4.83076163371805E-006,4.53977741017663E-008
16,0.0583537763,0.011816416,1,1,1,1,1,1,0.9997878088,2.1375613366482E-005,3.93901270394183E-007
17,0.0559571333,0.0128376878,1,1,1,1,1,1,0.9996990398,0.0001718888,6.53836705727604E-006
18,0.0550787499,0.0124340482,1,1,1,1,1,1,0.9998485233,0.0001442415,4.71883482695958E-006
19,0.0524921701,0.0105292887,1,1,1,1,1,1,0.9999967886,2.72295672456735E-005,3.0925168721118E-007
20,0.0511327673,0.0092074946,1,1,1,1,1,1,0.9999999444,3.96039545511742E-006,0.000000014
21,0.0491184146,0.0077251639,1,1,1,1,1,1,1,2.05528147008535E-007,1.0204192851064E-010
22,0.0479103515,0.0093507081,1,1,1,1,1,1,0.9999999873,2.51449053850311E-005,1.49787849310995E-007
23,0.0493189393,0.0063039588,1,1,1,1,1,1,1,2.22761602325317E-010,2.56899538878263E-015
24,0.0478359692,0.0066673639,1,1,1,1,1,1,1,6.94246447386442E-009,3.62475339201979E-013
25,0.0478734187,0.0108989181,1,1,1,1,1,1,0.9999991353,0.0002554548,5.6029188018919E-006
26,0.0472754939,0.0104191532,1,1,1,1,1,1,0.9999997908,0.0001733862,2.8480830299743E-006
27,0.0455928036,0.0106734319,1,1,1,1,1,1,0.9999998279,0.0004269415,9.70307139971479E-006
28,0.0435329995,0.0107445073,1,1,1,1,1,1,0.9999999262,0.0009013633,2.54286869774394E-005
29,0.0437340887,0.0106443705,1,1,1,1,1,1,0.9999999375,0.0007643083,1.98981587181982E-005
30,0.0419223413,0.0100305793,1,1,1,1,1,1,0.9999999965,0.0007300419,1.46105136986093E-005
31,0.040325038,0.011357146,1,1,1,1,1,1,0.9999999257,0.0037911123,0.0001921542
32,0.0384268924,0.0094267849,1,1,1,1,1,1,1,0.0012825902,2.28738880615955E-005
33,0.0403126694,0.0091946254,1,1,1,1,1,1,1,0.0004889981,0.000005816
34,0.038308147,0.0069576166,1,1,1,1,1,1,1,2.36425698386904E-005,1.83612641990908E-008
35,0.0395998485,0.0095626994,1,1,1,1,1,1,0.9999999999,0.0009829222,1.72841482193441E-005
36,0.0393146187,0.0099691469,1,1,1,1,1,1,0.9999999994,0.0016382335,4.01288638765363E-005
37,0.0384125674,0.0101440904,1,1,1,1,1,1,0.9999999994,0.0025480273,7.63324193245016E-005
38,0.0382908772,0.0084169839,1,1,1,1,1,1,1,0.0003880713,0.000002692
39,0.03774186,0.0086212477,1,1,1,1,1,1,1,0.0006457824,5.99492366292662E-006
40,0.0368549794,0.0088765094,1,1,1,1,1,1,1,0.0012415281,1.64814476965062E-005
41,0.035083289,0.0069352965,1,1,1,1,1,1,1,0.000149158,2.1110932596649E-007
42,0.0335742796,0.0055146208,1,1,1,1,1,1,1,9.56249960614148E-006,5.70828947549678E-010
43,0.0340178026,0.0053516928,1,1,1,1,1,1,1,3.59662080795641E-006,1.03230385658251E-010
44,0.034228389,0.0059762289,1,1,1,1,1,1,1,0.000025161,5.09839388551785E-009
45,0.03364272,0.0055904319,1,1,1,1,1,1,1,1.17293068410196E-005,8.83412699054807E-010
46,0.0336961335,0.0054249733,1,1,1,1,1,1,1,6.27026644431712E-006,2.62741094398722E-010
47,0.0343783364,0.0058011925,1,1,1,1,1,1,1,0.000013211,1.5512484176239E-009
48,0.0341681256,0.0058651831,1,1,1,1,1,1,1,1.889362394739E-005,2.84563645876206E-009
49,0.0338445148,0.005824771,1,1,1,1,1,1,1,2.12326838087581E-005,3.11533907030864E-009
50,0.0340185308,0.0047294693,1,1,1,1,1,1,1,1.90229888591187E-007,3.17180693305801E-013
51,0.0326619581,0.004352197,1,1,1,1,1,1,1,0.000000096,3.0783355020422E-014
52,0.0319433224,0.0041630545,1,1,1,1,1,1,1,6.78534837353283E-008,8.39774682047548E-015
53,0.0312792542,0.0043560287,1,1,1,1,1,1,1,5.17111904551981E-007,3.46824402098277E-013
54,0.0311461388,0.0044897447,1,1,1,1,1,1,1,1.23934036601438E-006,2.00010924199933E-012
55,0.0322561788,0.0052486465,1,1,1,1,1,1,1,1.11578112347475E-005,3.98262583367325E-010
56,0.0321426588,0.0052875485,1,1,1,1,1,1,1,1.40898778190379E-005,6.04920407138192E-010
57,0.0321220493,0.0052820768,1,1,1,1,1,1,1,1.40628280542688E-005,5.9595055057382E-010
58,0.0315572057,0.0052313614,1,1,1,1,1,1,1,1.88809033046819E-005,8.08150026917668E-010
59,0.0307686728,0.0043012271,1,1,1,1,1,1,1,6.87667767142728E-007,4.23075005879859E-013
60,0.030376678,0.0043166002,1,1,1,1,1,1,1,1.17610431448379E-006,9.80870093958026E-013
61,0.0298192346,0.0025448969,1,1,1,1,1,1,1,3.40838189459178E-015,5.19865704872714E-032
62,0.0295726158,0.0023754541,1,1,1,1,1,1,1,8.64472223021202E-017,7.0585192669024E-036
63,0.029489828,0.0023967448,1,1,1,1,1,1,1,2.11496501668834E-016,4.30362998457018E-035
64,0.029402217,0.0024384735,1,1,1,1,1,1,1,8.83398579701873E-016,8.83962149025189E-034
65,0.0292584245,0.0026093333,1,1,1,1,1,1,1,7.87935572844355E-014,1.76049846891961E-029
66,0.0294748416,0.0027149514,1,1,1,1,1,1,1,3.66370868223232E-013,9.28767365926375E-028
67,0.0299803865,0.0029488104,1,1,1,1,1,1,1,6.18835305535729E-012,1.39256748345045E-024
68,0.0301989133,0.0032532991,1,1,1,1,1,1,1,2.67042575738021E-010,8.27347186155442E-021
69,0.0301793424,0.0031957256,1,1,1,1,1,1,1,1.35536563566904E-010,1.79992450748555E-021
70,0.0299559665,0.0031949694,1,1,1,1,1,1,1,2.10469374124878E-010,3.42682756095273E-021
71,0.0299573419,0.0032235374,1,1,1,1,1,1,1,2.98670312745084E-010,7.47794695529437E-021
72,0.0299524855,0.0032420949,1,1,1,1,1,1,1,3.77298013495568E-010,1.24847369854527E-020
73,0.0297611067,0.0031026082,1,1,1,1,1,1,1,9.50134627693523E-011,4.30771443767417E-022
74,0.0294870067,0.0031326498,1,1,1,1,1,1,1,2.47605776483162E-010,2.4154587874998E-021
75,0.029498716,0.0031428071,1,1,1,1,1,1,1,2.7481666804445E-010,3.11301650849823E-021
76,0.0289130783,0.0028770418,1,1,1,1,1,1,1,2.45246617053494E-011,4.61272685853493E-024
77,0.0293371037,0.0030095201,1,1,1,1,1,1,1,6.57999796947999E-011,9.3976374102383E-023
78,0.0292834145,0.003304462,1,1,1,1,1,1,1,2.6803715593249E-009,3.93734876473372E-019
79,0.0290281399,0.003229282,1,1,1,1,1,1,1,1.90342305722304E-009,1.24701534666667E-019
80,0.0290186919,0.0032354696,1,1,1,1,1,1,1,2.07393448322557E-009,1.49707961667546E-019
81,0.0280191591,0.00142462,1,1,1,1,1,1,1,5.7090684889164E-037,2.03482819813675E-086
82,0.0279753702,0.0010006077,1,1,1,1,1,1,1,1.84953853857492E-072,2.60705104064714E-172
83,0.0278809113,0.0010412243,1,1,1,1,1,1,1,2.11607204768446E-066,2.99052926311969E-158
84,0.0276923018,0.0009750613,1,1,1,1,1,1,1,7.05617256610114E-074,9.94665822401115E-178
85,0.0279139373,0.0012463693,1,1,1,1,1,1,1,3.82801081658937E-047,2.14299910819314E-111
86,0.0286489057,0.0019901281,1,1,1,1,1,1,1,3.60244268701704E-021,2.76087037491634E-047
87,0.0280719459,0.0013595084,1,1,1,1,1,1,1,1.27089372164858E-040,5.02450718992807E-095
88,0.0279960214,0.001374515,1,1,1,1,1,1,1,1.81402944394395E-039,1.61011192137154E-092
89,0.0279910698,0.0013852566,1,1,1,1,1,1,1,7.19946329690274E-039,4.29853998228283E-091
90,0.028044976,0.0014174886,1,1,1,1,1,1,1,2.00791585256698E-037,2.00552035478877E-087
91,0.0280397729,0.001420041,1,1,1,1,1,1,1,2.81997683287869E-037,4.36302907463345E-087
92,0.0280928051,0.0014315689,1,1,1,1,1,1,1,6.47955118757535E-037,4.8429254238284E-086
93,0.0279914043,0.0014006021,1,1,1,1,1,1,1,4.5593158102639E-038,3.69966575098098E-089
94,0.0280585733,0.0014449061,1,1,1,1,1,1,1,3.82311019213538E-036,2.66802206692647E-084
95,0.0278871239,0.0013712292,1,1,1,1,1,1,1,3.41110201348963E-039,3.00649945863295E-092
96,0.0275622617,0.0009858011,1,1,1,1,1,1,1,2.6923900165051E-071,2.54413637747504E-172
97,0.0274796829,0.0008907815,1,1,1,1,1,1,1,4.9319930774478E-086,2.89226901094758E-209
98,0.0277880855,0.0014198246,1,1,1,1,1,1,1,2.61129451770631E-036,1.35319759271435E-085
99,0.0277914686,0.0014043442,1,1,1,1,1,1,1,4.39802708220303E-037,1.82813639266245E-087
100,0.0277191468,0.0013458687,1,1,1,1,1,1,1,6.92315284253188E-040,1.49870107660604E-094
101,0.0278471856,0.0014476666,1,1,1,1,1,1,1,3.1911494759472E-035,9.26292311982865E-083
102,0.0277828687,0.0013148307,1,1,1,1,1,1,1,5.57969063193498E-042,2.09098928024578E-099
103,0.0279716996,0.0015764363,1,1,1,1,1,1,1,2.08564200856316E-030,9.65289757004559E-071
104,0.0279689009,0.0015899376,1,1,1,1,1,1,1,6.43956276412021E-030,1.43874389541046E-069
105,0.0277410318,0.0012940045,1,1,1,1,1,1,1,4.41206438442214E-043,2.94696914403334E-102
106,0.0276886752,0.0012164329,1,1,1,1,1,1,1,3.30973409211822E-048,5.43427872724246E-115
107,0.02746255,0.0011604978,1,1,1,1,1,1,1,1.79360406682641E-051,4.18965024892762E-124
108,0.0274185146,0.0011820725,1,1,1,1,1,1,1,1.90477080652549E-049,2.53990295388879E-119
109,0.0274163888,0.0011053849,1,1,1,1,1,1,1,3.12563423666957E-056,4.20490653928339E-136
110,0.0272638392,0.0009051747,1,1,1,1,1,1,1,2.14160613126985E-081,1.32674024095392E-199
111,0.0272698516,0.0009169548,1,1,1,1,1,1,1,1.99090270368343E-079,1.1824855430338E-194
112,0.0272619292,0.0009065826,1,1,1,1,1,1,1,3.92681145387568E-081,5.78674868597435E-199
113,0.027380592,0.0010883536,1,1,1,1,1,1,1,1.04026424871756E-057,5.80397422830726E-140
114,0.0273555297,0.0010851014,1,1,1,1,1,1,1,6.9916045840485E-058,1.55153644393121E-140
115,0.0273311834,0.0010302846,1,1,1,1,1,1,1,8.45531785405976E-064,2.31648014957472E-155
116,0.0273338667,0.0010298056,1,1,1,1,1,1,1,7.08993558158717E-064,1.55726501001806E-155
117,0.0274483694,0.0010197541,1,1,1,1,1,1,1,6.21040662365712E-066,7.01025372032894E-160
118,0.0274461659,0.0010225853,1,1,1,1,1,1,1,1.45172725131837E-065,5.5215931430607E-159
119,0.0273816749,0.0009143812,1,1,1,1,1,1,1,7.1529411894839E-081,2.51169233475978E-197
120,0.0278275397,0.0019201654,1,1,1,1,1,1,1,8.13279411575454E-021,6.78016194602867E-048
121,0.027967824,0.001960378,1,1,1,1,1,1,1,2.46613408895458E-020,1.76832468114008E-046
122,0.027964606,0.0019549681,1,1,1,1,1,1,1,1.97874692514829E-020,1.02731018849045E-046
123,0.0275177328,0.0010124485,1,1,1,1,1,1,1,2.25813685622525E-067,5.69158467540515E-163
124,0.0271350485,0.0009140103,1,1,1,1,1,1,1,1.02208000695641E-078,5.50109649530403E-194
125,0.0270999668,0.0008908696,1,1,1,1,1,1,1,2.04959827571809E-082,1.5087680644088E-203
126,0.0270247753,0.0009054337,1,1,1,1,1,1,1,3.57523762646239E-079,4.75452041657537E-196
127,0.0271727708,0.0009305393,1,1,1,1,1,1,1,2.39257648697451E-076,9.38936412859515E-188
128,0.027167847,0.000934567,1,1,1,1,1,1,1,1.14542832892371E-075,4.3019639966748E-186
129,0.0271759988,0.0009384983,1,1,1,1,1,1,1,4.01947052760989E-075,1.14890987853598E-184
130,0.0271670241,0.0009391066,1,1,1,1,1,1,1,5.95327237901739E-075,2.60970892000564E-184
131,0.0270390361,0.0009485884,1,1,1,1,1,1,1,1.91512881224313E-072,5.15136732419094E-179
132,0.0270122593,0.0009340229,1,1,1,1,1,1,1,1.99955568936074E-074,3.31325182265992E-184
133,0.0270098949,0.0009344335,1,1,1,1,1,1,1,2.42378640909999E-074,5.15052254893003E-184
134,0.0270303076,0.0009510571,1,1,1,1,1,1,1,5.22630719278174E-072,5.51139259080461E-178
135,0.0270179625,0.0009560415,1,1,1,1,1,1,1,3.50557315437229E-071,5.32670955536885E-176
136,0.0269944086,0.0009514883,1,1,1,1,1,1,1,1.18951865408454E-071,2.32366007947115E-177
137,0.0269853152,0.0009539187,1,1,1,1,1,1,1,3.18403541333288E-071,2.36620299318679E-176
138,0.0270628223,0.0009791474,1,1,1,1,1,1,1,2.60990167560784E-068,1.88312232362251E-168
139,0.0269814314,0.0010682617,1,1,1,1,1,1,1,3.35980415772772E-057,4.70523327114489E-141
140,0.0269596865,0.001016634,1,1,1,1,1,1,1,8.83049865677968E-063,2.95959582989544E-155
141,0.0268719199,0.0009872327,1,1,1,1,1,1,1,8.79140393688893E-066,1.91215864015911E-163
142,0.0268691771,0.0009979646,1,1,1,1,1,1,1,2.1169005603866E-064,5.75443037439673E-160
143,0.02685859,0.0009865168,1,1,1,1,1,1,1,8.96037321269889E-066,1.61304668874843E-163
144,0.0268123961,0.0009416503,1,1,1,1,1,1,1,1.3408760582386E-071,1.23526437371076E-178
145,0.0268665165,0.0009654401,1,1,1,1,1,1,1,1.20636307685814E-068,9.87272237442578E-171
146,0.0268798006,0.0009743405,1,1,1,1,1,1,1,1.54120813547906E-067,7.8181523272999E-168
147,0.0268763554,0.0009593147,1,1,1,1,1,1,1,1.41603532009508E-069,5.15714079007187E-173
148,0.0269419597,0.000865955,1,1,1,1,1,1,1,1.55274079792664E-085,8.17868796954145E-213
149,0.0269389116,0.000862717,1,1,1,1,1,1,1,3.93186819341501E-086,2.38912408711751E-214
150,0.0268400216,0.0009255547,1,1,1,1,1,1,1,2.85193925181546E-074,3.4015270240141E-185
151,0.0268265808,0.0009273018,1,1,1,1,1,1,1,6.93717356552183E-074,2.52518052702799E-184
152,0.0268235846,0.0009334431,1,1,1,1,1,1,1,6.41149225034436E-073,6.74144970263318E-182
153,0.0268305318,0.0009356357,1,1,1,1,1,1,1,1.20230266092307E-072,3.77263313198463E-181
154,0.0268308825,0.0009356831,1,1,1,1,1,1,1,1.21400222725444E-072,3.89125094082612E-181
155,0.0268991687,0.0010256221,1,1,1,1,1,1,1,2.68445858775519E-061,6.51063846314508E-152
156,0.0269013215,0.0010327504,1,1,1,1,1,1,1,1.69038652393595E-060,7.04420489720715E-150
157,0.0269026071,0.001042387,1,1,1,1,1,1,1,1.9661133065897E-059,3.54497703501103E-147
158,0.0269280089,0.0010744634,1,1,1,1,1,1,1,3.18055573828386E-056,6.48857687721848E-139
159,0.0269321501,0.0010838452,1,1,1,1,1,1,1,2.56621182576546E-055,1.33528742069066E-136
160,0.0270305357,0.0012244458,1,1,1,1,1,1,1,2.80170269980129E-044,2.7041163569353E-108
161,0.0269255181,0.0011072507,1,1,1,1,1,1,1,4.73430368420688E-053,6.40792043610856E-131
162,0.0269190431,0.0011129457,1,1,1,1,1,1,1,1.71394104499638E-052,1.51685269736061E-129
163,0.0269370597,0.0011185007,1,1,1,1,1,1,1,4.2367528170805E-052,1.87537679980473E-128
164,0.0271403639,0.0011248956,1,1,1,1,1,1,1,9.99933059415939E-053,6.50957986144457E-129
165,0.0270630975,0.0011202256,1,1,1,1,1,1,1,1.08693484109003E-052,3.03103895132123E-129
166,0.0268675516,0.0011129372,1,1,1,1,1,1,1,3.46365637126219E-052,4.62772866686887E-129
167,0.0269285891,0.0011239333,1,1,1,1,1,1,1,1.44153107399624E-051,3.70114024379301E-127
168,0.027115012,0.0011151397,1,1,1,1,1,1,1,1.83020000355322E-053,6.74479006940041E-131
169,0.0270956242,0.0011021062,1,1,1,1,1,1,1,1.44391646958089E-054,9.06952442808807E-134
170,0.0271007017,0.0010962833,1,1,1,1,1,1,1,3.70891437037408E-055,3.21736095723903E-135
171,0.0271005985,0.001097767,1,1,1,1,1,1,1,5.16640423540625E-055,7.37118215666136E-135
172,0.0270938539,0.0010941774,1,1,1,1,1,1,1,2.55549643094149E-055,1.15553047377553E-135
173,0.0272619818,0.001043412,1,1,1,1,1,1,1,8.87577077671549E-062,8.82813595967944E-151
174,0.0271934021,0.0010501069,1,1,1,1,1,1,1,1.49068323355175E-060,3.70896660623515E-148
175,0.0270730616,0.0011782478,1,1,1,1,1,1,1,6.98540897343319E-048,3.922918425045E-117
176,0.0271279584,0.0011759832,1,1,1,1,1,1,1,2.35186483813621E-048,4.81658952695893E-118
177,0.0270741246,0.001125008,1,1,1,1,1,1,1,2.51531018995211E-052,2.85784992535874E-128
178,0.0270711212,0.0011169157,1,1,1,1,1,1,1,4.87541611905988E-053,4.49067009015057E-130
179,0.0270664383,0.0011175798,1,1,1,1,1,1,1,5.97651530435188E-053,7.05144753041861E-130
180,0.0270815344,0.0011414583,1,1,1,1,1,1,1,6.24815447001918E-051,9.86523141402643E-125
181,0.0270842558,0.0011388689,1,1,1,1,1,1,1,3.61205107849521E-051,2.5818602017964E-125
182,0.0270833908,0.0011313547,1,1,1,1,1,1,1,8.1037868920467E-052,6.0290639259304E-127
183,0.0272917107,0.0010769961,1,1,1,1,1,1,1,2.61581523897524E-058,5.70646285134992E-142
184,0.0272908145,0.0010683606,1,1,1,1,1,1,1,3.24707685333428E-059,3.15434291457837E-144
185,0.0272825545,0.0010663827,1,1,1,1,1,1,1,2.260697561066E-059,1.14342696183111E-144
186,0.0270806768,0.0011222484,1,1,1,1,1,1,1,1.30166929763373E-052,5.94896361241416E-129
187,0.0271113042,0.0011452689,1,1,1,1,1,1,1,8.9325265258095E-051,3.46747963398438E-124
188,0.0271015064,0.0011519564,1,1,1,1,1,1,1,3.71329839221571E-050,1.09236475211066E-122
189,0.0270986851,0.0011539298,1,1,1,1,1,1,1,5.6215019851657E-050,2.98421762699013E-122
190,0.0270985718,0.0011488963,1,1,1,1,1,1,1,2.13755541410174E-050,2.64429912456434E-123
191,0.0270950708,0.001147075,1,1,1,1,1,1,1,1.57118452319104E-050,1.17238167622286E-123
192,0.0270846542,0.0011425577,1,1,1,1,1,1,1,7.44548159845254E-051,1.59028075556348E-124
193,0.0270933965,0.0011496415,1,1,1,1,1,1,1,2.64077289840565E-050,4.21999744907577E-123
194,0.0270979139,0.0011549644,1,1,1,1,1,1,1,6.91721969556838E-050,4.97150067096066E-122
195,0.0270980319,0.0011529091,1,1,1,1,1,1,1,4.66305135318606E-050,1.85389320252099E-122
196,0.0267815689,0.0010263105,1,1,1,1,1,1,1,2.12704183638853E-060,2.07763056756908E-150
197,0.0269748834,0.0010303839,1,1,1,1,1,1,1,2.80538398223873E-061,2.27776465873105E-151
198,0.0269774097,0.0010308958,1,1,1,1,1,1,1,3.08411396477762E-061,3.00328568432944E-151
199,0.026977298,0.0010356337,1,1,1,1,1,1,1,1.07029129689092E-060,6.891169843536E-150
200,0.0269761912,0.0010347769,1,1,1,1,1,1,1,8.71214503431462E-061,4.0362066117486E-150
201,0.026968626,0.0010387257,1,1,1,1,1,1,1,2.73626601127222E-060,6.453663933959E-149
202,0.0269694925,0.0010370802,1,1,1,1,1,1,1,1.76389577927129E-060,2.16166352331136E-149
203,0.026971786,0.0010337474,1,1,1,1,1,1,1,7.14051602311116E-061,2.28988305840386E-150
204,0.0268382971,0.0009818748,1,1,1,1,1,1,1,3.19010769425167E-066,8.43043721878096E-165
205,0.026840564,0.0009820813,1,1,1,1,1,1,1,3.26217654051168E-066,9.2627720204949E-165
206,0.0269235878,0.0009058327,1,1,1,1,1,1,1,3.41010893333779E-078,1.96765652858482E-194
207,0.0268325808,0.0009867866,1,1,1,1,1,1,1,1.52472516242573E-065,4.05132176742162E-163
208,0.0268313371,0.0009883339,1,1,1,1,1,1,1,2.45972693650385E-065,1.33493308276962E-162
209,0.0268237441,0.0009796066,1,1,1,1,1,1,1,2.07947561979115E-066,2.23675446755172E-165
210,0.026833745,0.0009856072,1,1,1,1,1,1,1,1.05337861928872E-065,1.61667957198577E-163
211,0.0268320119,0.0009812868,1,1,1,1,1,1,1,2.98455752419511E-066,6.41633596320891E-165
212,0.0268248212,0.000980762,1,1,1,1,1,1,1,2.89113992524161E-066,5.25360795959776E-165
213,0.0267693684,0.0010169753,1,1,1,1,1,1,1,2.18438898485147E-061,5.29525322986885E-153
214,0.0267737326,0.0010156272,1,1,1,1,1,1,1,1.4157324760788E-061,1.8808883258724E-153
215,0.0269834527,0.0010270906,1,1,1,1,1,1,1,1.01846721069923E-061,2.0177955956949E-152
216,0.0270597996,0.0009474139,1,1,1,1,1,1,1,8.63058671974197E-073,1.00370629947322E-179
217,0.0270510227,0.0009371102,1,1,1,1,1,1,1,2.81039039910077E-074,1.57618597341281E-183
218,0.0268705465,0.0009494924,1,1,1,1,1,1,1,6.25769413557685E-071,1.73257519267316E-176
219,0.0268372273,0.0009636111,1,1,1,1,1,1,1,1.1493224726504E-068,5.28427578629246E-171
220,0.0270510419,0.0009516601,1,1,1,1,1,1,1,4.33233840633238E-072,4.94951819792921E-178
221,0.0270692684,0.0009201518,1,1,1,1,1,1,1,4.04045435727407E-077,1.60373110010094E-190
222,0.0269836663,0.0010055109,1,1,1,1,1,1,1,2.63890772251979E-064,6.18121221544367E-159
223,0.0269732947,0.0010027263,1,1,1,1,1,1,1,1.41903952213417E-064,1.09934558686019E-159
224,0.0269647065,0.001013395,1,1,1,1,1,1,1,3.32321853677041E-063,2.72161196948434E-156
225,0.026957923,0.0010019719,1,1,1,1,1,1,1,1.48302923877909E-064,9.63093285495688E-160
226,0.0269629772,0.0010053757,1,1,1,1,1,1,1,3.5984442502494E-064,9.75148263416084E-159
227,0.0269624669,0.001004546,1,1,1,1,1,1,1,2.86643462177287E-064,5.45181627229963E-159
228,0.0270121997,0.0010961818,1,1,1,1,1,1,1,1.28007680900538E-054,2.23739482978917E-134
229,0.0270056775,0.0011031668,1,1,1,1,1,1,1,6.45578523987738E-054,1.20221735723494E-132
230,0.0270039822,0.0011039726,1,1,1,1,1,1,1,7.86815084365097E-054,1.93428280584357E-132
231,0.0270017519,0.0010951105,1,1,1,1,1,1,1,1.172336192636E-054,1.56159859083587E-134
232,0.0270084329,0.0010905791,1,1,1,1,1,1,1,3.88836202158053E-055,1.06280814628306E-135
233,0.0270070379,0.0010934671,1,1,1,1,1,1,1,7.55392808357343E-055,5.54433789474211E-135
234,0.0269451078,0.001020995,1,1,1,1,1,1,1,3.68389077232143E-062,8.68457671495641E-154
235,0.0269500194,0.001025618,1,1,1,1,1,1,1,1.17968496279094E-061,1.7633885173352E-152
236,0.026938358,0.001022557,1,1,1,1,1,1,1,6.26938225485945E-062,2.99737055056539E-153
237,0.026884079,0.0009881904,1,1,1,1,1,1,1,9.45735032420982E-066,2.80604453963942E-163
238,0.0270275904,0.0009081023,1,1,1,1,1,1,1,9.54587725654364E-079,5.93691683164704E-195
239,0.0270105501,0.0008996276,1,1,1,1,1,1,1,4.86000484540575E-080,2.37543196205577E-198
240,0.0268611269,0.0009748531,1,1,1,1,1,1,1,2.51796711019348E-067,1.98008323374078E-167
241,0.0268674133,0.0009784775,1,1,1,1,1,1,1,6.83523374993957E-067,2.75850559005636E-166
242,0.0268658758,0.0009808447,1,1,1,1,1,1,1,1.4408970986753E-066,1.77702271724218E-165
243,0.026864864,0.0009784192,1,1,1,1,1,1,1,7.02452498417006E-067,2.83314890462317E-166
244,0.0270111387,0.000898045,1,1,1,1,1,1,1,2.5503262785213E-080,4.74113297324074E-199
245,0.0270597095,0.000938701,1,1,1,1,1,1,1,4.16588905528294E-074,4.95573489965729E-183
246,0.0270661185,0.0009363547,1,1,1,1,1,1,1,1.60107063676279E-074,5.0413691263616E-184
247,0.0270658447,0.0009349917,1,1,1,1,1,1,1,9.90054503837366E-075,1.5006014493087E-184
248,0.0270592591,0.0009264279,1,1,1,1,1,1,1,5.07072588150164E-076,7.63698453809374E-188
249,0.0270090277,0.0008935669,1,1,1,1,1,1,1,4.37632035713724E-081,5.38061166854885E-201
250,0.0270233534,0.0008713567,1,1,1,1,1,1,1,2.68152598043566E-085,1.80237342845639E-211
251,0.0268666353,0.0009504931,1,1,1,1,1,1,1,9.39629726246936E-071,4.52611637755606E-176
252,0.0270157257,0.0008687236,1,1,1,1,1,1,1,9.97232590344297E-086,1.27433249385582E-212
253,0.0270101833,0.0008659709,1,1,1,1,1,1,1,3.32423159207137E-086,7.13641126505409E-214
254,0.0268593512,0.000951585,1,1,1,1,1,1,1,1.5466046904417E-070,1.40639630164588E-175
255,0.0268564303,0.0009514166,1,1,1,1,1,1,1,1.54479954379251E-070,1.33190127219278E-175
256,0.0268557015,0.0009511399,1,1,1,1,1,1,1,1.42887856651343E-070,1.07909880376052E-175
257,0.0268521961,0.0009510756,1,1,1,1,1,1,1,1.49349122241633E-070,1.13470299653653E-175
258,0.0268516778,0.0009547842,1,1,1,1,1,1,1,5.11272859878764E-070,2.5425089946176E-174
259,0.0268509227,0.0009497979,1,1,1,1,1,1,1,1.00099388431417E-070,4.02489153817075E-176
260,0.0268473728,0.0009473039,1,1,1,1,1,1,1,4.65540965550577E-071,5.42981942345257E-177
261,0.0266939159,0.0009974769,1,1,1,1,1,1,1,3.57360107673009E-063,4.54432768147685E-158
262,0.02669345,0.0009998334,1,1,1,1,1,1,1,6.98040703870658E-063,2.48943968369936E-157
263,0.026842295,0.0009485418,1,1,1,1,1,1,1,7.7463299592334E-071,1.80381251171944E-176
264,0.0268398726,0.0009496021,1,1,1,1,1,1,1,1.15367081606853E-070,4.74381804344859E-176
265,0.0269913497,0.0008602288,1,1,1,1,1,1,1,3.84532365732361E-087,2.08770281478509E-216
266,0.026990921,0.0008567167,1,1,1,1,1,1,1,7.78837774928113E-088,3.70113020639921E-218
267,0.0269944165,0.0008596484,1,1,1,1,1,1,1,2.7510523123156E-087,9.59177596381593E-217
268,0.0268574621,0.0009479704,1,1,1,1,1,1,1,4.81265709265653E-071,7.06623840795026E-177
269,0.0268634452,0.0009525006,1,1,1,1,1,1,1,1.93916771374908E-070,2.68060316886394E-175
270,0.026856071,0.0009498474,1,1,1,1,1,1,1,9.24004913504774E-071,3.59931524855247E-176
271,0.0268519927,0.0009443657,1,1,1,1,1,1,1,1.58692925473953E-071,3.85470624313857E-178
272,0.0269942004,0.0008665473,1,1,1,1,1,1,1,6.17994134567362E-086,2.42434598923543E-213
273,0.0270409431,0.0009109475,1,1,1,1,1,1,1,2.17744600811332E-078,6.10163085027162E-194
274,0.0270417578,0.0009105077,1,1,1,1,1,1,1,1.80724143118269E-078,3.87961203586413E-194
275,0.0270385255,0.0009129525,1,1,1,1,1,1,1,4.94120242114889E-078,4.57114913432967E-193
276,0.0270363047,0.0009156147,1,1,1,1,1,1,1,1.42537037561871E-077,6.28641656949737E-192
277,0.0270331675,0.0009130047,1,1,1,1,1,1,1,5.62607799245731E-078,5.7201461200031E-193
278,0.0270350191,0.0009122243,1,1,1,1,1,1,1,4.01751327257974E-078,2.54105693246577E-193
279,0.0270332801,0.000912785,1,1,1,1,1,1,1,5.16062567745305E-078,4.61356106172426E-193
280,0.0270289412,0.0009119293,1,1,1,1,1,1,1,4.06463234362578E-078,2.32986650060112E-193
281,0.0270272567,0.0009112831,1,1,1,1,1,1,1,3.28348499557811E-078,1.31894696934676E-193
282,0.0270259172,0.0009094068,1,1,1,1,1,1,1,1.63794749128855E-078,2.23547732393969E-194
283,0.0270272374,0.0009099482,1,1,1,1,1,1,1,1.96462766552331E-078,3.62275555885814E-194
284,0.027021628,0.0009013317,1,1,1,1,1,1,1,7.58030284257372E-080,9.03360354013235E-198
285,0.027015539,0.000898136,1,1,1,1,1,1,1,2.40988240395447E-080,4.48362966343071E-199
286,0.0270192452,0.0008990485,1,1,1,1,1,1,1,3.21064288188612E-080,9.92759564743871E-199
287,0.0270182719,0.0008996739,1,1,1,1,1,1,1,4.20685807178316E-080,1.9224613930036E-198
288,0.0270168421,0.0008967326,1,1,1,1,1,1,1,1.33405011699639E-080,1.03870905969457E-199
289,0.0270254034,0.0009078052,1,1,1,1,1,1,1,8.89942123205949E-079,4.7714622159138E-195
290,0.0269512436,0.0009641649,1,1,1,1,1,1,1,1.71404859521029E-069,3.03578831086457E-172
291,0.0268830102,0.0009920709,1,1,1,1,1,1,1,3.02262257963896E-065,5.21568960166605E-162
292,0.0268767579,0.0009908945,1,1,1,1,1,1,1,2.38403359124332E-065,2.58485802072399E-162
293,0.0268749103,0.0009923079,1,1,1,1,1,1,1,3.7242053546451E-065,7.75773890690133E-162
294,0.0269493383,0.0009669006,1,1,1,1,1,1,1,4.26157364332377E-069,2.9250658053651E-171
295,0.0269503304,0.0009644891,1,1,1,1,1,1,1,1.93434502023251E-069,4.05478617942935E-172
296,0.0269212084,0.0009433359,1,1,1,1,1,1,1,2.99802370407114E-072,1.96180890494567E-179
297,0.0269472036,0.0009671678,1,1,1,1,1,1,1,4.82404973789678E-069,3.85664972013525E-171
298,0.0269464589,0.0009707808,1,1,1,1,1,1,1,1.53532547995047E-068,7.07088212094939E-170
299,0.0269381066,0.0009861612,1,1,1,1,1,1,1,2.01533968250443E-066,1.36448156508085E-164
300,0.0269381246,0.000987174,1,1,1,1,1,1,1,2.72912478442943E-066,2.93406477748363E-164
301,0.026937771,0.0009887149,1,1,1,1,1,1,1,4.34994482387998E-066,9.46270072397636E-164
302,0.0269363078,0.0009870605,1,1,1,1,1,1,1,2.72294348055413E-066,2.83196914984864E-164
303,0.0269353565,0.0009906935,1,1,1,1,1,1,1,8.16206416400359E-066,4.45562712433287E-163
304,0.0269645063,0.0010100741,1,1,1,1,1,1,1,1.32063291229701E-063,2.64912530176461E-157
305,0.0269633429,0.0010076803,1,1,1,1,1,1,1,6.86857135333662E-064,5.0050696882253E-158
306,0.0271190925,0.0009178983,1,1,1,1,1,1,1,6.2767040233096E-078,3.83305477093311E-192
307,0.0270208538,0.0009333532,1,1,1,1,1,1,1,1.33069976313957E-074,1.39098541189494E-184
308,0.0268784364,0.0010069517,1,1,1,1,1,1,1,2.31734857237248E-063,2.84713397375428E-157
309,0.0268802137,0.0010047215,1,1,1,1,1,1,1,1.20208650096516E-063,5.56218520912011E-158
310,0.026876213,0.0010045947,1,1,1,1,1,1,1,1.24039809841249E-063,5.65294588450577E-158
311,0.0268756463,0.0010041465,1,1,1,1,1,1,1,1.1035380030823E-063,4.16755784072383E-158
312,0.027027793,0.0009280478,1,1,1,1,1,1,1,1.71339056241253E-075,9.10772806622489E-187
313,0.027125078,0.0009087914,1,1,1,1,1,1,1,1.6520214877085E-079,4.74106029935944E-196
314,0.0271232381,0.0009082787,1,1,1,1,1,1,1,1.40391232173031E-079,3.04438344309314E-196
315,0.0271261072,0.0009094147,1,1,1,1,1,1,1,2.06391760805953E-079,8.44477071694379E-196
316,0.0271238446,0.0009125858,1,1,1,1,1,1,1,7.42561782659374E-079,1.99755206917201E-194
317,0.0271360438,0.0008901565,1,1,1,1,1,1,1,6.97724895366965E-083,2.08632177171191E-204
318,0.0271368192,0.0008916961,1,1,1,1,1,1,1,1.30256630336653E-082,1.01128459964481E-203
319,0.0271362163,0.0008894838,1,1,1,1,1,1,1,5.247746910778E-083,1.0260109711066E-204
320,0.0271398388,0.0008766385,1,1,1,1,1,1,1,1.99204476455057E-085,9.61554657297098E-211
321,0.0271355358,0.0008792467,1,1,1,1,1,1,1,6.82128334967901E-085,1.91811711201875E-209
322,0.0271337094,0.0008805441,1,1,1,1,1,1,1,1.24434341737779E-084,8.32407621462868E-209
323,0.0271313502,0.0008843696,1,1,1,1,1,1,1,6.74619921810529E-084,5.467409620784E-207
324,0.0271310558,0.0008834096,1,1,1,1,1,1,1,4.51038746558062E-084,1.98305749349022E-207
325,0.027129406,0.0008809982,1,1,1,1,1,1,1,1.66443453395359E-084,1.5793928049659E-208
326,0.0271288589,0.0008774013,1,1,1,1,1,1,1,3.55103453571001E-085,3.26080655604569E-210
327,0.0271317425,0.0008794571,1,1,1,1,1,1,1,8.12877290741168E-085,2.75297848555837E-209
328,0.0270288902,0.0009025033,1,1,1,1,1,1,1,1.03532450067533E-079,2.28059419920981E-197
329,0.027027983,0.0009037928,1,1,1,1,1,1,1,1.75540557075515E-079,8.45467403800162E-197
330,0.0270258045,0.0009043357,1,1,1,1,1,1,1,2.2746093950866E-079,1.55506369217415E-196
331,0.0270241726,0.000903721,1,1,1,1,1,1,1,1.8479147701134E-079,8.93316353471997E-197
332,0.0270261804,0.0009046502,1,1,1,1,1,1,1,2.55362190611449E-079,2.09564043792125E-196
333,0.0270288208,0.0008984135,1,1,1,1,1,1,1,2.03371700899703E-080,3.80018110814739E-199
334,0.0270272785,0.0008970702,1,1,1,1,1,1,1,1.22471813989869E-080,1.02945135277743E-199
335,0.0270963079,0.000859071,1,1,1,1,1,1,1,1.99741455127906E-088,1.17600809772631E-218
336,0.0269441651,0.0009543829,1,1,1,1,1,1,1,8.01758750820365E-071,1.18298800152261E-175
337,0.0269475733,0.0009565587,1,1,1,1,1,1,1,1.54366486915345E-070,6.55842628499168E-175
338,0.0268087358,0.0010132548,1,1,1,1,1,1,1,4.19531907508E-062,1.47439776862581E-154
339,0.0268115241,0.0010179646,1,1,1,1,1,1,1,1.43456911272013E-061,3.48811612823244E-153
340,0.0268138835,0.0010160764,1,1,1,1,1,1,1,8.29573501614855E-062,9.01073043971159E-154
341,0.0267997393,0.0010307036,1,1,1,1,1,1,1,4.99203134752157E-060,2.38721652286213E-149
342,0.0268071772,0.0010231172,1,1,1,1,1,1,1,6.08630205326999E-061,1.27832794298925E-151
343,0.0268100534,0.0010203945,1,1,1,1,1,1,1,2.81728124585885E-061,1.8909107962719E-152
344,0.0268076083,0.0010189278,1,1,1,1,1,1,1,1.98008127556112E-061,7.44119002237459E-153
345,0.0268063918,0.0010211773,1,1,1,1,1,1,1,3.68302105036407E-061,3.52923544778E-152
346,0.0268063892,0.0010212042,1,1,1,1,1,1,1,3.70964490250936E-061,3.59421607967858E-152
347,0.0268078026,0.0010208111,1,1,1,1,1,1,1,3.26530781815717E-061,2.65682389242267E-152
348,0.0267995232,0.0010173784,1,1,1,1,1,1,1,1.48980219770165E-061,3.19048294522671E-153
349,0.0267970899,0.0010176876,1,1,1,1,1,1,1,1.68439601013331E-061,4.19699920880963E-153
350,0.0267268576,0.0010339732,1,1,1,1,1,1,1,3.64823605745709E-059,1.25833476934843E-147
351,0.0267980164,0.0010188516,1,1,1,1,1,1,1,2.26716660635854E-061,9.0537621747382E-153
352,0.0267963067,0.0010206303,1,1,1,1,1,1,1,3.74812419071473E-061,3.16132240834483E-152
353,0.026793826,0.0010212445,1,1,1,1,1,1,1,4.59417919325582E-061,5.10328634843006E-152
354,0.0267919135,0.0010211456,1,1,1,1,1,1,1,4.61537017890368E-061,5.01418246708875E-152
355,0.0267180057,0.0010379893,1,1,1,1,1,1,1,1.15491991110906E-058,2.07743144290349E-146
356,0.026663944,0.0009854774,1,1,1,1,1,1,1,1.91425607698021E-064,1.58498020634414E-161
357,0.0266763207,0.0009711757,1,1,1,1,1,1,1,2.17890449206408E-066,2.11377781356131E-166
358,0.0266782131,0.0009718818,1,1,1,1,1,1,1,2.6120518058382E-066,3.46802677584225E-166
359,0.0266743559,0.0009668735,1,1,1,1,1,1,1,6.03306729911334E-067,7.6956870810914E-168
360,0.0266696991,0.0009657966,1,1,1,1,1,1,1,4.70140278574776E-067,3.75755443840472E-168
361,0.02666692,0.0009681377,1,1,1,1,1,1,1,1.01691445613105E-066,2.57141011137205E-167
362,0.0266679004,0.0009703664,1,1,1,1,1,1,1,1.97695278345735E-066,1.42891271003467E-166
363,0.0268076768,0.0009438938,1,1,1,1,1,1,1,3.13244829214529E-071,9.78345992979325E-178
364,0.0268088876,0.0009484311,1,1,1,1,1,1,1,1.39731884222231E-070,4.45387420851119E-176
365,0.0268065951,0.0009482132,1,1,1,1,1,1,1,1.35680315148174E-070,3.96837638549729E-176
366,0.0268085169,0.0009485657,1,1,1,1,1,1,1,1.47141860774287E-070,5.04494186820287E-176
367,0.0268088254,0.0009462119,1,1,1,1,1,1,1,6.67562292789417E-071,6.81956141506996E-177
368,0.0268167489,0.0009515162,1,1,1,1,1,1,1,3.34711394737288E-070,4.70087976524312E-175
369,0.0268137986,0.0009565538,1,1,1,1,1,1,1,1.83279079236719E-069,3.34179928377798E-173
370,0.0270190539,0.0009312546,1,1,1,1,1,1,1,6.49625559118779E-075,2.2159944563525E-185
371,0.0270098423,0.0009219966,1,1,1,1,1,1,1,2.65980908585034E-076,6.01379198181787E-189
372,0.0270068789,0.0009212286,1,1,1,1,1,1,1,2.12361719876191E-076,3.22809582912576E-189
373,0.0270108931,0.0009190305,1,1,1,1,1,1,1,8.63800828298207E-077,3.61693715110847E-190
374,0.0271574222,0.0008227306,1,1,1,1,1,1,1,6.97482795845925E-097,3.02803083503343E-239
375,0.0271580294,0.0008219875,1,1,1,1,1,1,1,4.63019985995159E-097,1.10195210486295E-239
376,0.0271596486,0.0008234202,1,1,1,1,1,1,1,9.49442762337566E-097,6.90007520374738E-239
377,0.0270804872,0.0008785554,1,1,1,1,1,1,1,1.71783503140661E-084,6.27281994313524E-209
378,0.0270814164,0.0008774138,1,1,1,1,1,1,1,1.02735389141047E-084,1.75976941768704E-209
379,0.0270788479,0.0008776773,1,1,1,1,1,1,1,1.21915862987507E-084,2.56473889571352E-209
380,0.0270770442,0.0008764296,1,1,1,1,1,1,1,7.38978859731074E-085,7.03285870971362E-210
381,0.0270843721,0.0008797865,1,1,1,1,1,1,1,2.67789212515391E-084,2.0699966324853E-208
382,0.0270855177,0.0008780496,1,1,1,1,1,1,1,1.23482507567893E-084,3.03817855732009E-209
383,0.0272373489,0.000764596,1,1,1,1,1,1,1,7.62196401636222E-113,3.06524888098873E-278
384,0.0272369019,0.000765597,1,1,1,1,1,1,1,1.5023322488363E-112,1.64504880064878E-277
385,0.0272373196,0.0007634023,1,1,1,1,1,1,1,3.43834571041223E-113,4.20660721524166E-279
386,0.0272394995,0.0007664288,1,1,1,1,1,1,1,2.41458524451879E-112,5.76097256649589E-277
387,0.0272449319,0.0007688754,1,1,1,1,1,1,1,1.03126227434517E-111,2.48849058714296E-275
388,0.0272445662,0.0007689544,1,1,1,1,1,1,1,1.09768263733474E-111,2.87919431916262E-275
389,0.0270941205,0.0008828904,1,1,1,1,1,1,1,8.14655494783652E-084,4.11760270351109E-207
390,0.0270917258,0.0008809632,1,1,1,1,1,1,1,3.7710209845472E-084,5.6799488140644E-208
391,0.0270899492,0.0008780305,1,1,1,1,1,1,1,1.1097810188703E-084,2.5461962087654E-209
392,0.0270905752,0.0008753638,1,1,1,1,1,1,1,3.43456510096946E-085,1.36039001616846E-210
393,0.0270904619,0.0008742168,1,1,1,1,1,1,1,2.0847948716591E-085,3.87918476914834E-211
394,0.0270896836,0.0008690232,1,1,1,1,1,1,1,2.13418346036601E-086,1.25439312960654E-213
395,0.0270924403,0.0008703955,1,1,1,1,1,1,1,3.69351115763278E-086,5.26177652022594E-213
396,0.0270873828,0.0008733925,1,1,1,1,1,1,1,1.55579059227452E-085,1.74599315164044E-211
397,0.0270874335,0.0008724904,1,1,1,1,1,1,1,1.04486747804705E-085,6.43746135777622E-212
398,0.0270902172,0.000871209,1,1,1,1,1,1,1,5.57117458969713E-086,1.40843986939684E-212
399,0.0270870493,0.0008666962,1,1,1,1,1,1,1,7.99157243290636E-087,1.00925996616789E-214
400,0.027085848,0.0008646718,1,1,1,1,1,1,1,3.29521621037679E-087,1.06547959946508E-215
401,0.0269313537,0.000963512,1,1,1,1,1,1,1,1.99930353565465E-069,3.1839146624416E-172
402,0.0269286863,0.0009620176,1,1,1,1,1,1,1,1.29711576399961E-069,1.01987321218045E-172
403,0.0269298591,0.0009632873,1,1,1,1,1,1,1,1.91147738348554E-069,2.77048831552449E-172
404,0.0269328557,0.0009617892,1,1,1,1,1,1,1,1.11606963433009E-069,7.49630352935839E-173
405,0.0269104005,0.0009410358,1,1,1,1,1,1,1,1.6739824548476E-072,3.7055340469578E-180
406,0.026909936,0.0009447137,1,1,1,1,1,1,1,5.94543456071119E-072,9.04845212376804E-179
407,0.0270856995,0.0008965134,1,1,1,1,1,1,1,2.82263829570997E-081,8.17322026216422E-201
408,0.0270882994,0.0009021035,1,1,1,1,1,1,1,2.53515372780483E-080,2.12006656352312E-198
409,0.0270886954,0.0009039197,1,1,1,1,1,1,1,5.17684211705251E-080,1.28093848512175E-197
410,0.0270859761,0.0009057735,1,1,1,1,1,1,1,1.14013923298151E-079,8.80786015676834E-197
411,0.0270832505,0.0009062378,1,1,1,1,1,1,1,1.44886254429929E-079,1.5243922820906E-196
412,0.0270819174,0.0009063283,1,1,1,1,1,1,1,1.54370982268769E-079,1.7418503262903E-196
413,0.0270560856,0.0008875696,1,1,1,1,1,1,1,1.34362778351201E-082,2.16659475308987E-204
414,0.0270502142,0.0008828675,1,1,1,1,1,1,1,2.11587924898072E-083,1.84924063223928E-206
415,0.0270805493,0.0009054039,1,1,1,1,1,1,1,1.10392212761556E-079,7.31274767501377E-197
416,0.0270816859,0.0009071026,1,1,1,1,1,1,1,2.10206176869804E-079,3.76288063341704E-196
417,0.0270820252,0.0009076236,1,1,1,1,1,1,1,2.55980629736258E-079,6.20957852763808E-196
418,0.027082413,0.000907001,1,1,1,1,1,1,1,1.98968226126387E-079,3.32456891607122E-196
419,0.0270799946,0.0009067034,1,1,1,1,1,1,1,1.86186227218524E-079,2.68598066416039E-196
420,0.0270877646,0.0008961996,1,1,1,1,1,1,1,2.37761775953727E-081,5.53557301170703E-201
421,0.0270857488,0.0008963688,1,1,1,1,1,1,1,2.65879186642861E-081,7.04133692303524E-201
422,0.0270870179,0.0008948759,1,1,1,1,1,1,1,1.4083626745885E-081,1.4661155228755E-201
423,0.0270335184,0.0008539979,1,1,1,1,1,1,1,8.18013967799408E-089,3.21026704508243E-220
424,0.02703301,0.0008535117,1,1,1,1,1,1,1,6.59556702587688E-089,1.84734832525037E-220
425,0.0270322602,0.0008534243,1,1,1,1,1,1,1,6.44351084724145E-089,1.71383655779146E-220
426,0.0270309585,0.0008530681,1,1,1,1,1,1,1,5.622907163705E-089,1.18256785304095E-220
427,0.0270316454,0.0008519513,1,1,1,1,1,1,1,3.27589849493277E-089,3.08449524486954E-221
428,0.0270340102,0.0008501622,1,1,1,1,1,1,1,1.33202198560162E-089,3.37869216400419E-222
429,0.0270344914,0.0008512673,1,1,1,1,1,1,1,2.2199287613402E-089,1.23375289831892E-221
430,0.0270338675,0.0008530625,1,1,1,1,1,1,1,5.23816101073037E-089,1.0543496850388E-220
431,0.0270320145,0.0008492136,1,1,1,1,1,1,1,8.90589209657501E-090,1.17475449288448E-222
432,0.027033514,0.0008487971,1,1,1,1,1,1,1,7.05169289737031E-090,6.74998337808688E-223
433,0.0270349332,0.0008503388,1,1,1,1,1,1,1,1.41688521910181E-089,4.02732123489956E-222
434,0.0270314759,0.000850327,1,1,1,1,1,1,1,1.52887463971851E-089,4.51980120916198E-222
435,0.0270039938,0.0008258621,1,1,1,1,1,1,1,1.70832023322561E-094,8.35165686809351E-235
436,0.0270053737,0.0008242337,1,1,1,1,1,1,1,7.12192518520582E-095,9.52437222168378E-236
437,0.0270021103,0.000820714,1,1,1,1,1,1,1,1.23619480316482E-095,1.07188580220181E-237
438,0.0270027548,0.0008217938,1,1,1,1,1,1,1,2.13962163920505E-095,4.33338201495139E-237
439,0.027001127,0.0008215454,1,1,1,1,1,1,1,1.95812548512998E-095,3.33594515205798E-237
440,0.0270001855,0.0008205907,1,1,1,1,1,1,1,1.21666121103836E-095,9.83996618823741E-238
441,0.0269993208,0.000820552,1,1,1,1,1,1,1,1.21860162934706E-095,9.67989759675135E-238
442,0.0269989597,0.0008227356,1,1,1,1,1,1,1,3.84608339036794E-095,1.73613688129733E-236
443,0.026999787,0.0008234115,1,1,1,1,1,1,1,5.35147505250296E-095,4.06800050181958E-236
444,0.0270036829,0.000817595,1,1,1,1,1,1,1,2.2943842570101E-096,1.59999838279057E-239
445,0.0269968512,0.0008132233,1,1,1,1,1,1,1,2.64410560158196E-097,5.88022654186894E-242
446,0.0271450986,0.0006810202,1,1,1,1,1,1,1,3.70564952873236E-140,0
447,0.0271422928,0.000685408,1,1,1,1,1,1,1,2.35891669492333E-138,0
448,0.0269932519,0.0008122784,1,1,1,1,1,1,1,1.7430259129379E-097,1.88708105429071E-242
449,0.0269930545,0.0008120117,1,1,1,1,1,1,1,1.51681107778279E-097,1.32311597997238E-242
450,0.0269913199,0.0008120864,1,1,1,1,1,1,1,1.65165886836493E-097,1.57269056018625E-242
451,0.0269891597,0.0008107764,1,1,1,1,1,1,1,8.59206885168939E-098,2.87554603645425E-243
452,0.026985221,0.0008089773,1,1,1,1,1,1,1,3.57336622508026E-098,2.8635387927315E-244
453,0.0269882169,0.0008094099,1,1,1,1,1,1,1,4.18599849484385E-098,4.58895168734211E-244
454,0.0269885505,0.0008106137,1,1,1,1,1,1,1,7.99062265468757E-098,2.35987109370803E-243
455,0.0268444273,0.000867839,1,1,1,1,1,1,1,3.19972854120092E-084,2.18442407500552E-210
456,0.0268463557,0.0008645285,1,1,1,1,1,1,1,7.19162883392216E-085,5.16803738715327E-212
457,0.0268470838,0.0008583747,1,1,1,1,1,1,1,4.57109865973537E-086,4.84817831146573E-215
458,0.0269935536,0.0007954716,1,1,1,1,1,1,1,1.48038457120276E-101,1.04938795289874E-252
459,0.0269952033,0.0007979366,1,1,1,1,1,1,1,5.80604283035752E-101,3.42286319921231E-251
460,0.0269927764,0.0007958726,1,1,1,1,1,1,1,1.90322255165142E-101,1.93830054597825E-252
461,0.0269916058,0.0007953557,1,1,1,1,1,1,1,1.45945604339809E-101,9.64041689429482E-253
462,0.0269899229,0.0007975299,1,1,1,1,1,1,1,5.30339677119715E-101,2.38779323593237E-251
463,0.0269889455,0.0008039134,1,1,1,1,1,1,1,1.98618405656946E-099,2.15312524617638E-247
464,0.0269853142,0.000803619,1,1,1,1,1,1,1,1.85504502919359E-099,1.65761111804153E-247
465,0.0269932167,0.0007958211,1,1,1,1,1,1,1,1.82609738353057E-101,1.76582887942208E-252
466,0.0269902791,0.000793864,1,1,1,1,1,1,1,6.39957759383294E-102,1.16751265482546E-253
467,0.026988083,0.0007931399,1,1,1,1,1,1,1,4.46550381470214E-102,4.45953512859073E-254
468,0.0269834007,0.0007917614,1,1,1,1,1,1,1,2.27587276222366E-102,7.2429137755483E-255
469,0.0269809148,0.0007918525,1,1,1,1,1,1,1,2.56748438213676E-102,9.21590365951184E-255
470,0.0269819054,0.0007898047,1,1,1,1,1,1,1,7.55347138952247E-103,4.32293055767705E-256
471,0.0269811039,0.000787018,1,1,1,1,1,1,1,1.49279295088048E-103,7.10445988678372E-258
472,0.0269904342,0.0007777592,1,1,1,1,1,1,1,4.30166598772389E-106,3.57211987959485E-264
473,0.0271387994,0.0006479802,1,1,1,1,1,1,1,1.84510194867888E-154,0
474,0.0271375078,0.0006465794,1,1,1,1,1,1,1,4.25776870260296E-155,0
475,0.0269883515,0.0007771087,1,1,1,1,1,1,1,3.05639730826438E-106,1.42897205562169E-264
476,0.0269889184,0.0007775055,1,1,1,1,1,1,1,3.84049297380399E-106,2.57920898849111E-264
477,0.0269877948,0.0007773226,1,1,1,1,1,1,1,3.54199568093085E-106,2.04210254395834E-264
478,0.0269932579,0.0007804692,1,1,1,1,1,1,1,2.08568234406425E-105,2.05555899982105E-262
479,0.0269921235,0.0007833417,1,1,1,1,1,1,1,1.22496129024821E-104,1.7288426047334E-260
480,0.0269915423,0.00078434,1,1,1,1,1,1,1,2.26764617881204E-104,8.03991375399053E-260
481,0.0269873864,0.000786598,1,1,1,1,1,1,1,9.78843613691274E-104,2.88106558702809E-258
482,0.0269858565,0.0007837977,1,1,1,1,1,1,1,1.91712345639961E-104,4.54547289043159E-260
483,0.0269860197,0.0007835693,1,1,1,1,1,1,1,1.663774805174E-104,3.19332489803574E-260
484,0.0269852265,0.0007855956,1,1,1,1,1,1,1,5.72029484954768E-104,7.03614947627543E-259
485,0.0269858709,0.0007844177,1,1,1,1,1,1,1,2.77949438192367E-104,1.15981421745436E-259
486,0.0269914255,0.000786403,1,1,1,1,1,1,1,7.79995376446657E-104,1.80332184645879E-258
487,0.0269917746,0.0007848001,1,1,1,1,1,1,1,2.96814388231027E-104,1.59401327962972E-259
488,0.0269884133,0.0007835443,1,1,1,1,1,1,1,1.53373890604172E-104,2.76742067119302E-260
489,0.0269862006,0.0007865201,1,1,1,1,1,1,1,9.65568494595026E-104,2.70003355904998E-258
490,0.0269852285,0.0007882067,1,1,1,1,1,1,1,2.69317420529671E-103,3.4955552467698E-257
491,0.026984652,0.0007913399,1,1,1,1,1,1,1,1.72060385930575E-102,3.69395123824378E-255
492,0.0269819884,0.0007919859,1,1,1,1,1,1,1,2.69494452190614E-102,1.07007367716575E-254
493,0.026983268,0.000792203,1,1,1,1,1,1,1,2.95342823124533E-102,1.39245020969927E-254
494,0.0269820611,0.0007935326,1,1,1,1,1,1,1,6.5971655550638E-102,1.02438574269712E-253
495,0.0269834331,0.0007935117,1,1,1,1,1,1,1,6.28056901702599E-102,9.36839281291968E-254
496,0.026981817,0.0007935293,1,1,1,1,1,1,1,6.62830227631626E-102,1.03024829470544E-253
497,0.0269826138,0.0007927801,1,1,1,1,1,1,1,4.20306719276553E-102,3.33361223840735E-254
498,0.0269810392,0.0007951832,1,1,1,1,1,1,1,1.7565308099628E-101,1.17909037543934E-252
499,0.0269800629,0.00079392,1,1,1,1,1,1,1,8.7103384816813E-102,1.96254307783391E-253
500,0.0269791077,0.0007932262,1,1,1,1,1,1,1,5.98476636745144E-102,7.43670842504715E-254
501,0.0269758336,0.0007925692,1,1,1,1,1,1,1,4.46869606072483E-102,3.27714099321386E-254
502,0.0269770252,0.0007904493,1,1,1,1,1,1,1,1.25854500651584E-102,1.38310936795884E-255
503,0.0269750235,0.0007926979,1,1,1,1,1,1,1,4.92162544373209E-102,4.09567762596276E-254
504,0.026976464,0.0007912613,1,1,1,1,1,1,1,2.0532038016443E-102,4.684837869174E-255
505,0.0269750148,0.000794111,1,1,1,1,1,1,1,1.11444440200889E-101,3.21655976306756E-253
506,0.0269742701,0.000795134,1,1,1,1,1,1,1,2.04864651163252E-101,1.46580033785247E-252
507,0.0269735566,0.0007932369,1,1,1,1,1,1,1,6.99716504171032E-102,9.58541603548415E-254
508,0.0269716565,0.0007934233,1,1,1,1,1,1,1,8.2040441221859E-102,1.36475677830237E-253
509,0.0269694797,0.0007917445,1,1,1,1,1,1,1,3.28821868204297E-102,1.28689236998407E-254
510,0.0269678924,0.0007886284,1,1,1,1,1,1,1,5.54950740983749E-103,1.38901243756506E-256
511,0.0269673765,0.000787435,1,1,1,1,1,1,1,2.78496613163976E-103,2.40744175670551E-257
512,0.0269673656,0.0007875995,1,1,1,1,1,1,1,3.06999225314561E-103,3.07747149293093E-257
513,0.0269690782,0.0007871801,1,1,1,1,1,1,1,2.28606936006536E-103,1.52843415312676E-257
514,0.0269678814,0.0007874095,1,1,1,1,1,1,1,2.70556252897163E-103,2.26719794173624E-257
515,0.0269677745,0.0007875562,1,1,1,1,1,1,1,2.95923611845146E-103,2.83458536442463E-257
516,0.0269689218,0.0007866124,1,1,1,1,1,1,1,1.64033803229545E-103,6.58940123078408E-258
517,0.0269703414,0.0007860025,1,1,1,1,1,1,1,1.09840570081915E-103,2.48511901950106E-258
518,0.0269698926,0.0007871244,1,1,1,1,1,1,1,2.16313677979057E-103,1.35759571478886E-257
519,0.0269695803,0.0007871922,1,1,1,1,1,1,1,2.27102291760749E-103,1.52268126699356E-257
520,0.0269701864,0.0007893645,1,1,1,1,1,1,1,8.0327169978608E-103,3.74384557689572E-256
521,0.0269710468,0.0007885947,1,1,1,1,1,1,1,4.99107708239897E-103,1.15227021549435E-256
522,0.0269620388,0.0007866011,1,1,1,1,1,1,1,1.96867097794446E-103,8.74820579586055E-258
523,0.02696829,0.0007906839,1,1,1,1,1,1,1,1.83086850870543E-102,2.85036291920703E-255
524,0.0269694826,0.0007893677,1,1,1,1,1,1,1,8.20403270274981E-103,3.87822925899657E-256
525,0.026972443,0.0007917967,1,1,1,1,1,1,1,3.12779742385978E-102,1.22293594638047E-254
526,0.0269762481,0.0007914206,1,1,1,1,1,1,1,2.26620934324171E-102,5.97609724723046E-255
527,0.0269749386,0.0007910442,1,1,1,1,1,1,1,1.88557464658251E-102,3.63564121302872E-255
528,0.0269744098,0.0007932977,1,1,1,1,1,1,1,7.08218347390784E-102,1.00972862686625E-253
529,0.0269733485,0.0007918791,1,1,1,1,1,1,1,3.20166688384428E-102,1.32723699126578E-254
530,0.0269773131,0.0007847619,1,1,1,1,1,1,1,4.32661195826631E-104,2.83743607913796E-259
531,0.0269750829,0.0007860385,1,1,1,1,1,1,1,9.84809591759195E-104,2.13195214269358E-258
532,0.0269731893,0.0007878058,1,1,1,1,1,1,1,2.95616126703681E-103,3.24817434166852E-257
533,0.0269723673,0.0007903845,1,1,1,1,1,1,1,1.37566216706436E-102,1.53750459546793E-255
534,0.0269740554,0.0007926407,1,1,1,1,1,1,1,4.88775593612832E-102,3.92753473089917E-254
535,0.0269732646,0.0007932434,1,1,1,1,1,1,1,7.07919491077987E-102,9.79876243761984E-254
536,0.0269734219,0.0007924892,1,1,1,1,1,1,1,4.55409318139432E-102,3.23374794471909E-254
537,0.0269713341,0.0007916628,1,1,1,1,1,1,1,2.98188375538921E-102,1.05402633378327E-254
538,0.0269717374,0.0007924752,1,1,1,1,1,1,1,4.72811342067398E-102,3.40608399342862E-254
539,0.0269711248,0.0007925786,1,1,1,1,1,1,1,5.10414199211527E-102,4.06769023451584E-254
540,0.0269709923,0.0007914269,1,1,1,1,1,1,1,2.6235711601954E-102,7.56560202697403E-255
541,0.0269706187,0.0007906481,1,1,1,1,1,1,1,1.68290205533087E-102,2.44518297268738E-255
542,0.0270410845,0.0007030641,1,1,1,1,1,1,1,4.3917411111503E-130,1E-323
543,0.0270417541,0.0007013134,1,1,1,1,1,1,1,9.85663677994081E-131,0
544,0.0270405361,0.0007014135,1,1,1,1,1,1,1,1.11878514712432E-130,0
545,0.0270440001,0.0007029527,1,1,1,1,1,1,1,3.6172973598383E-130,1E-323
546,0.0268932861,0.0007992553,1,1,1,1,1,1,1,1.84508985107805E-099,1.67148272674904E-248
547,0.0268922193,0.0007986952,1,1,1,1,1,1,1,1.38645010140601E-099,7.89607629033979E-249
548,0.0268920537,0.0007992392,1,1,1,1,1,1,1,1.88929841625002E-099,1.7209872026171E-248
549,0.0268921845,0.0008006825,1,1,1,1,1,1,1,4.21651454057734E-099,1.31717143963098E-247
550,0.0270411802,0.000705145,1,1,1,1,1,1,1,2.47919870332545E-129,4.85E-322
551,0.0270418858,0.0007059812,1,1,1,1,1,1,1,4.83697560737502E-129,2.63366336633663E-321
552,0.0270422435,0.000709702,1,1,1,1,1,1,1,1.01130414014265E-127,5.57187676011107E-318
553,0.0270432022,0.0007109513,1,1,1,1,1,1,1,2.69928860661902E-127,6.78420650358222E-317
554,0.0270426264,0.0007108945,1,1,1,1,1,1,1,2.62845192712983E-127,6.23153244800084E-317
555,0.0270400308,0.0007110936,1,1,1,1,1,1,1,3.37096766606971E-127,1.07393712273455E-316
556,0.0270402133,0.0007121336,1,1,1,1,1,1,1,7.75662621895262E-127,8.78733625737856E-316
557,0.027039626,0.0007125427,1,1,1,1,1,1,1,1.09956897566516E-126,2.07536550000755E-315
558,0.0270391745,0.0007114617,1,1,1,1,1,1,1,4.67229976089679E-127,2.37655678234802E-316
559,0.0270374209,0.0007121065,1,1,1,1,1,1,1,8.33696180018131E-127,9.65401570387681E-316
560,0.0270360689,0.0007118246,1,1,1,1,1,1,1,6.95271484891392E-127,5.86045263824883E-316
561,0.0270363882,0.0007120453,1,1,1,1,1,1,1,8.21685647696685E-127,9.0116787733338E-316
562,0.0270366638,0.0007145579,1,1,1,1,1,1,1,6.09391352308051E-126,1.40541421040566E-313
563,0.0269620082,0.0007897609,1,1,1,1,1,1,1,1.26653276151738E-102,9.58538400229622E-256
564,0.0269630358,0.0007900793,1,1,1,1,1,1,1,1.48371108535429E-102,1.46698211070102E-255
565,0.0269613881,0.0007907543,1,1,1,1,1,1,1,2.30150245573767E-102,4.25905085902607E-255
566,0.0269607949,0.0007926137,1,1,1,1,1,1,1,6.88935265746629E-102,6.6737703799742E-254
567,0.0269599965,0.0007946694,1,1,1,1,1,1,1,2.30353627425134E-101,1.37560906242365E-252
568,0.0269601961,0.0007933617,1,1,1,1,1,1,1,1.07897231148928E-101,2.03918634211476E-253
569,0.0271118086,0.0006601123,1,1,1,1,1,1,1,1.85362705704195E-148,0
570,0.0269606633,0.0007903999,1,1,1,1,1,1,1,1.90882993211996E-102,2.6078400420242E-255
571,0.0269641529,0.0007911145,1,1,1,1,1,1,1,2.63348592617611E-102,6.41964490741728E-255
572,0.0272581195,0.0004535298,1,1,1,1,1,1,1,3.8558924478625E-317,0
573,0.0272580826,0.0004539549,1,1,1,1,1,1,1,1.50156146979591E-316,0
574,0.0269638091,0.0007874341,1,1,1,1,1,1,1,3.06953700310193E-103,2.80810199301068E-257
575,0.0271143033,0.0006568604,1,1,1,1,1,1,1,5.94955050309215E-150,0
576,0.0271137151,0.0006558358,1,1,1,1,1,1,1,2.10396533571192E-150,0
577,0.0271153518,0.0006564238,1,1,1,1,1,1,1,3.63021040716521E-150,0
578,0.0271137994,0.0006564714,1,1,1,1,1,1,1,4.05682200803273E-150,0
579,0.0271154925,0.000656613,1,1,1,1,1,1,1,4.39219229132358E-150,0
580,0.0269660706,0.0007872777,1,1,1,1,1,1,1,2.63026340467873E-103,2.01550333236706E-257
581,0.0269659044,0.0007864173,1,1,1,1,1,1,1,1.58749003320587E-103,5.61393944758573E-258
582,0.0269643022,0.0007866384,1,1,1,1,1,1,1,1.89131951662389E-103,8.38041235404162E-258
583,0.0269665539,0.0007849726,1,1,1,1,1,1,1,6.60370501459363E-104,6.24424706479672E-259
584,0.026968117,0.0007851368,1,1,1,1,1,1,1,6.97543287579086E-104,7.46456291408261E-259
585,0.026967336,0.0007853382,1,1,1,1,1,1,1,8.03649382537973E-104,1.04566920800538E-258
586,0.0269679612,0.0007864189,1,1,1,1,1,1,1,1.50164309700678E-103,5.1443522322776E-258
587,0.0269672039,0.0007886135,1,1,1,1,1,1,1,5.60549686529557E-103,1.39977060640834E-256
588,0.0269659236,0.0007885551,1,1,1,1,1,1,1,5.60937144756192E-103,1.35703455969676E-256
589,0.0269703923,0.0007908226,1,1,1,1,1,1,1,1.87495151094135E-102,3.19294746178705E-255
590,0.0269691708,0.0007909452,1,1,1,1,1,1,1,2.08196135845913E-102,4.03118507751725E-255
591,0.0269702972,0.0007906701,1,1,1,1,1,1,1,1.71961644712764E-102,2.56095070689083E-255
592,0.0269660071,0.0007875303,1,1,1,1,1,1,1,3.05904269801355E-103,2.94542819449211E-257
593,0.0269695384,0.0007916043,1,1,1,1,1,1,1,3.02589511391022E-102,1.04498040720527E-254
594,0.0269689227,0.0007893543,1,1,1,1,1,1,1,8.2648965171307E-103,3.8951459477861E-256
595,0.0269651827,0.0007862576,1,1,1,1,1,1,1,1.47298962188159E-103,4.56222961343042E-258
596,0.0269661011,0.0007859996,1,1,1,1,1,1,1,1.23221820141623E-103,2.97768441493518E-258
597,0.0269666462,0.000786304,1,1,1,1,1,1,1,1.45438792038122E-103,4.58781487516049E-258
598,0.0269657839,0.0007855285,1,1,1,1,1,1,1,9.39366428287772E-104,1.48931917019472E-258
599,0.0271120235,0.0006621623,1,1,1,1,1,1,1,1.47184162514933E-147,0
600,0.0269666655,0.0007864079,1,1,1,1,1,1,1,1.54602571285307E-103,5.35514237260373E-258
601,0.0269691001,0.0007857272,1,1,1,1,1,1,1,9.64949477262686E-104,1.73598818784945E-258
602,0.0269706035,0.0007857219,1,1,1,1,1,1,1,9.22873625939253E-104,1.61259651710378E-258
603,0.0269691243,0.0007860693,1,1,1,1,1,1,1,1.18178458560267E-103,2.89664523113427E-258
604,0.026970975,0.0007874317,1,1,1,1,1,1,1,2.51826771093795E-103,2.04815818383225E-257
605,0.0269723547,0.0007900129,1,1,1,1,1,1,1,1.10721513255923E-102,8.88954782396241E-256
606,0.0269717606,0.0007894304,1,1,1,1,1,1,1,7.99827811759085E-103,3.85533412014469E-256
607,0.0269705381,0.0007920785,1,1,1,1,1,1,1,3.87961478470424E-102,2.00625982377978E-254
608,0.0269706288,0.000792407,1,1,1,1,1,1,1,4.68329415390349E-102,3.23315551289184E-254
609,0.0269702357,0.0007918946,1,1,1,1,1,1,1,3.51534554645383E-102,1.55254357060573E-254
610,0.0269715874,0.0007920214,1,1,1,1,1,1,1,3.64795586754207E-102,1.76398565560352E-254
611,0.0269720383,0.0007917884,1,1,1,1,1,1,1,3.14709427815686E-102,1.22936650440466E-254
612,0.0269751933,0.000793335,1,1,1,1,1,1,1,7.08497351103907E-102,1.03094357686347E-253
613,0.0269741249,0.0007929304,1,1,1,1,1,1,1,5.77006604650696E-102,5.9793018894746E-254
614,0.0271252721,0.0006711949,1,1,1,1,1,1,1,6.78719276557336E-144,0
615,0.027124327,0.0006697878,1,1,1,1,1,1,1,1.78605932578375E-144,0
616,0.02712265,0.0006686236,1,1,1,1,1,1,1,6.08654809357406E-145,0
617,0.0271211928,0.0006679225,1,1,1,1,1,1,1,3.22946402243959E-145,0
618,0.0271215737,0.0006684411,1,1,1,1,1,1,1,5.30153324414098E-145,0
619,0.0271243136,0.0006715179,1,1,1,1,1,1,1,9.63168843170893E-144,0
620,0.0271239456,0.0006719082,1,1,1,1,1,1,1,1.42564757066853E-143,0
621,0.0271233307,0.0006724925,1,1,1,1,1,1,1,2.56750206400726E-143,0
622,0.0271231621,0.0006709398,1,1,1,1,1,1,1,5.74013259219889E-144,0
623,0.0271215788,0.0006710394,1,1,1,1,1,1,1,6.71667402138259E-144,0
624,0.0271214477,0.0006697867,1,1,1,1,1,1,1,1.99180042018824E-144,0
625,0.0271204755,0.000670852,1,1,1,1,1,1,1,5.83826650336393E-144,0
626,0.0271191136,0.000669011,1,1,1,1,1,1,1,1.01938828845723E-144,0
627,0.0271156234,0.000667754,1,1,1,1,1,1,1,3.38829007732501E-145,0
628,0.0271103627,0.000665632,1,1,1,1,1,1,1,5.08096845775661E-146,0
629,0.0271372573,0.0006814784,1,1,1,1,1,1,1,7.58658618951288E-140,0
630,0.02713882,0.0006818727,1,1,1,1,1,1,1,1.03279835654665E-139,0
631,0.0271357717,0.0006802808,1,1,1,1,1,1,1,2.62609774835801E-140,0
632,0.0271366323,0.0006808464,1,1,1,1,1,1,1,4.31188912857985E-140,0
633,0.0271379132,0.0006809948,1,1,1,1,1,1,1,4.72175343775813E-140,0
634,0.0271378721,0.0006804859,1,1,1,1,1,1,1,2.94235656681379E-140,0
635,0.0271395518,0.0006802943,1,1,1,1,1,1,1,2.31152980130259E-140,0
636,0.0271389932,0.0006814584,1,1,1,1,1,1,1,6.98404182556624E-140,0
637,0.027138682,0.0006834561,1,1,1,1,1,1,1,4.48896547357944E-139,0
638,0.0271143368,0.0006719742,1,1,1,1,1,1,1,2.18884070739202E-143,0
639,0.0271143481,0.000672393,1,1,1,1,1,1,1,3.27861463878268E-143,0
640,0.027110641,0.0006716665,1,1,1,1,1,1,1,1.87034369015689E-143,0
641,0.0271097317,0.0006713906,1,1,1,1,1,1,1,1.48213870579168E-143,0
642,0.0271349733,0.0006867323,1,1,1,1,1,1,1,1.02943915386587E-137,0
643,0.0271352396,0.0006853817,1,1,1,1,1,1,1,2.97977792948E-138,0
644,0.0271357491,0.0006856589,1,1,1,1,1,1,1,3.76715168152808E-138,0
645,0.0271367175,0.0006860399,1,1,1,1,1,1,1,5.14634797273974E-138,0
646,0.0271383429,0.0006866568,1,1,1,1,1,1,1,8.50227695715908E-138,0
647,0.0271375716,0.0006875812,1,1,1,1,1,1,1,2.02197058905178E-137,0
648,0.0271372822,0.0006887015,1,1,1,1,1,1,1,5.61750382269459E-137,0
649,0.0269845223,0.0008066556,1,1,1,1,1,1,1,1.01853501480295E-098,1.18973451074086E-245
650,0.0268339612,0.0008896919,1,1,1,1,1,1,1,3.8211292197943E-080,3.85235468552684E-200
651,0.0268319027,0.0008895752,1,1,1,1,1,1,1,3.80903670575866E-080,3.66613054186493E-200
652,0.0268338441,0.0008913454,1,1,1,1,1,1,1,7.45140122081803E-080,2.09151486200466E-199
653,0.0268083124,0.0008677263,1,1,1,1,1,1,1,6.84313252092713E-084,6.99430593739335E-210
654,0.0268334285,0.0008880427,1,1,1,1,1,1,1,1.98300834628132E-080,7.21807789618912E-201
655,0.0269856691,0.0008062967,1,1,1,1,1,1,1,8.10982078505022E-099,6.88912932327737E-246
656,0.0269865358,0.0008059312,1,1,1,1,1,1,1,6.4790300758963E-099,3.99587013277937E-246
657,0.0271394275,0.0006868822,1,1,1,1,1,1,1,1.00300539312552E-137,0
658,0.0271382598,0.0006859349,1,1,1,1,1,1,1,4.42111846163491E-138,0
659,0.0271118943,0.0006690986,1,1,1,1,1,1,1,1.4644123095225E-144,0
660,0.0271129021,0.0006678369,1,1,1,1,1,1,1,4.08211382644237E-145,0
661,0.0271118593,0.0006691736,1,1,1,1,1,1,1,1.57798372251952E-144,0
662,0.0271118912,0.000670821,1,1,1,1,1,1,1,7.85664104083663E-144,0
663,0.0271094828,0.0006702169,1,1,1,1,1,1,1,4.78524646883331E-144,0
664,0.0271104201,0.0006691937,1,1,1,1,1,1,1,1.70048590841831E-144,0
665,0.0269547253,0.0007982378,1,1,1,1,1,1,1,2.03102383311349E-100,2.93035195461406E-250
666,0.0269569801,0.000799207,1,1,1,1,1,1,1,3.30875579035016E-100,1.06243871836245E-249
667,0.0269561759,0.0007998223,1,1,1,1,1,1,1,4.78214128423943E-100,2.63833411061972E-249
668,0.0269547446,0.0008005044,1,1,1,1,1,1,1,7.2899031819713E-100,7.37954220933005E-249
669,0.0269544293,0.0008000387,1,1,1,1,1,1,1,5.65789485659019E-100,3.86193592119116E-249
670,0.0271109507,0.0006699597,1,1,1,1,1,1,1,3.52148029835009E-144,0
671,0.0271097596,0.0006688773,1,1,1,1,1,1,1,1.27942409233118E-144,0
672,0.0271084995,0.0006700795,1,1,1,1,1,1,1,4.34558404644798E-144,0
673,0.0271064181,0.0006696524,1,1,1,1,1,1,1,3.10237670679878E-144,0
674,0.0271037511,0.0006675691,1,1,1,1,1,1,1,4.45725830125812E-145,0
675,0.0271038294,0.0006675442,1,1,1,1,1,1,1,4.33650856612107E-145,0
676,0.0269451648,0.0007957487,1,1,1,1,1,1,1,6.36707566177346E-101,1.23320777478128E-251
677,0.026944052,0.0007969903,1,1,1,1,1,1,1,1.33069370910169E-100,7.71504527721559E-251
678,0.0271016897,0.0006673962,1,1,1,1,1,1,1,4.06945754756793E-145,0
679,0.0271012689,0.0006681457,1,1,1,1,1,1,1,8.64451895990676E-145,0
680,0.0271032939,0.0006701623,1,1,1,1,1,1,1,5.74542654771511E-144,0
681,0.0269559732,0.0007849797,1,1,1,1,1,1,1,8.87913415866759E-104,1.0030465654941E-258
682,0.0271037583,0.0006694475,1,1,1,1,1,1,1,2.81172963378535E-144,0
683,0.0271043876,0.0006714608,1,1,1,1,1,1,1,1.94364302077346E-143,0
684,0.0271041984,0.0006722655,1,1,1,1,1,1,1,4.25990310698659E-143,0
685,0.0271053708,0.0006729182,1,1,1,1,1,1,1,7.6402179349448E-143,0
686,0.02710509,0.0006729334,1,1,1,1,1,1,1,7.83494218766947E-143,0
687,0.0271066028,0.0006744995,1,1,1,1,1,1,1,3.31955150479771E-142,0
688,0.0271069649,0.000674511,1,1,1,1,1,1,1,3.31083447091086E-142,0
689,0.0271043007,0.0006737683,1,1,1,1,1,1,1,1.79889712305267E-142,0
690,0.0271047591,0.0006716945,1,1,1,1,1,1,1,2.40270776859143E-143,0
691,0.0271055281,0.0006727464,1,1,1,1,1,1,1,6.43762395374225E-143,0
692,0.0271058842,0.0006729657,1,1,1,1,1,1,1,7.84328940549231E-143,0
693,0.0271064116,0.0006746552,1,1,1,1,1,1,1,3.87958672723115E-142,0
694,0.0271054084,0.0006745139,1,1,1,1,1,1,1,3.52025719818086E-142,0
695,0.0271061012,0.0006734834,1,1,1,1,1,1,1,1.27901059320017E-142,0
696,0.0271052213,0.0006749479,1,1,1,1,1,1,1,5.36377089891026E-142,0
697,0.027106136,0.0006756058,1,1,1,1,1,1,1,9.69260208322896E-142,0
698,0.0271071076,0.0006764398,1,1,1,1,1,1,1,2.06188599533128E-141,0
699,0.0271064398,0.00067506,1,1,1,1,1,1,1,5.70076104569616E-142,0
700,0.0271067675,0.0006743251,1,1,1,1,1,1,1,2.79267482816141E-142,0
701,0.0269565894,0.0007953712,1,1,1,1,1,1,1,3.77576503356086E-101,4.39411666184333E-252
702,0.0269574958,0.0007954672,1,1,1,1,1,1,1,3.8931899773476E-101,4.85668375557325E-252
703,0.0269573044,0.0007972133,1,1,1,1,1,1,1,1.05992319322202E-100,6.05410527161349E-251
704,0.0269570906,0.0007984865,1,1,1,1,1,1,1,2.19527210880695E-100,3.78274996789618E-250
705,0.0271041344,0.0006764348,1,1,1,1,1,1,1,2.29365995907599E-141,0
706,0.027105231,0.0006756253,1,1,1,1,1,1,1,1.02160079612644E-141,0
707,0.0271050735,0.0006748702,1,1,1,1,1,1,1,5.00870901142969E-142,0
708,0.0271031074,0.0006751836,1,1,1,1,1,1,1,7.26846745794617E-142,0
709,0.0271062476,0.0006769124,1,1,1,1,1,1,1,3.32938954968271E-141,0
710,0.0271061281,0.0006769009,1,1,1,1,1,1,1,3.30829951928171E-141,0
711,0.0271064071,0.0006771169,1,1,1,1,1,1,1,4.01505778235577E-141,0
712,0.027104167,0.0006766356,1,1,1,1,1,1,1,2.77037519091001E-141,0
713,0.0271034429,0.0006765823,1,1,1,1,1,1,1,2.70642315057728E-141,0
714,0.0271041971,0.0006772143,1,1,1,1,1,1,1,4.78030194693309E-141,0
715,0.0271039081,0.0006781773,1,1,1,1,1,1,1,1.19630087568834E-140,0
716,0.0271033883,0.0006787257,1,1,1,1,1,1,1,2.04044886864945E-140,0
717,0.0271038985,0.0006786596,1,1,1,1,1,1,1,1.88175728442872E-140,0
718,0.0269533874,0.0007799702,1,1,1,1,1,1,1,4.69190703732061E-105,5.60532164233684E-262
719,0.026950372,0.0007788762,1,1,1,1,1,1,1,2.62427488892283E-105,1.19465497320969E-262
720,0.0269499575,0.0007775426,1,1,1,1,1,1,1,1.17553082606452E-105,1.55570570823634E-263
721,0.0270973168,0.0006765525,1,1,1,1,1,1,1,3.30905091627678E-141,0
722,0.0270965793,0.0006763227,1,1,1,1,1,1,1,2.73720148200944E-141,0
723,0.0270958766,0.0006757903,1,1,1,1,1,1,1,1.69707432957392E-141,0
724,0.0270945102,0.000674168,1,1,1,1,1,1,1,3.814031956065E-142,0
725,0.0270951241,0.0006761276,1,1,1,1,1,1,1,2.40293630420144E-141,0
726,0.0270964675,0.0006755942,1,1,1,1,1,1,1,1.37800906284726E-141,0
727,0.0270970047,0.0006752506,1,1,1,1,1,1,1,9.74304553520468E-142,0
728,0.0270969191,0.0006752275,1,1,1,1,1,1,1,9.56264027775336E-142,0
729,0.0270959033,0.0006758989,1,1,1,1,1,1,1,1.87918227702305E-141,0
730,0.0270957411,0.0006744184,1,1,1,1,1,1,1,4.62466581065969E-142,0
731,0.0270948597,0.0006747342,1,1,1,1,1,1,1,6.46027254016001E-142,0
732,0.0270968334,0.0006740932,1,1,1,1,1,1,1,3.25330150317925E-142,0
733,0.0270980203,0.0006744942,1,1,1,1,1,1,1,4.56270344866316E-142,0
734,0.0269522717,0.0007789057,1,1,1,1,1,1,1,2.53351831144589E-105,1.14892869382034E-262
735,0.0269530013,0.0007795403,1,1,1,1,1,1,1,3.65274792947758E-105,2.94937508129572E-262
736,0.0270991302,0.0006739482,1,1,1,1,1,1,1,2.59715462264554E-142,0
737,0.0270999981,0.0006743022,1,1,1,1,1,1,1,3.52601633605159E-142,0
738,0.0271002695,0.0006734674,1,1,1,1,1,1,1,1.56982157858989E-142,0
739,0.026953521,0.0007805664,1,1,1,1,1,1,1,6.70979037028861E-105,1.38774301820142E-261
740,0.0269531628,0.0007790584,1,1,1,1,1,1,1,2.71191431534612E-105,1.3965101019298E-262
741,0.0269517504,0.0007790598,1,1,1,1,1,1,1,2.82380213365263E-105,1.49035216953629E-262
742,0.02695065,0.0007777129,1,1,1,1,1,1,1,1.2795777949999E-105,1.96262208917614E-263
743,0.0269514496,0.0007761914,1,1,1,1,1,1,1,4.91615658607694E-106,1.79111478252644E-264
744,0.0269519443,0.0007759504,1,1,1,1,1,1,1,4.17927719074243E-106,1.20434596915978E-264
745,0.0269532356,0.0007768576,1,1,1,1,1,1,1,7.04269521706856E-106,4.65275445551808E-264
746,0.026953454,0.0007782948,1,1,1,1,1,1,1,1.68827220250149E-105,4.25352267093498E-263
747,0.0269424774,0.0007999337,1,1,1,1,1,1,1,7.32477320017594E-100,5.50629903809934E-249
748,0.0269424577,0.000799874,1,1,1,1,1,1,1,7.08654619129626E-100,5.06269560956991E-249
749,0.0269426667,0.0008003692,1,1,1,1,1,1,1,9.30709786396145E-100,1.01297843198234E-248
750,0.0269432475,0.0008000089,1,1,1,1,1,1,1,7.48617376399598E-100,5.93038017037446E-249
751,0.026942338,0.0007994935,1,1,1,1,1,1,1,5.73930937995697E-100,2.96359451930686E-249
752,0.0271004996,0.0006733134,1,1,1,1,1,1,1,1.34255577018826E-142,0
753,0.0271013588,0.0006740751,1,1,1,1,1,1,1,2.69608906861725E-142,0
754,0.0272524272,0.0004875588,1,1,1,1,1,1,1,1.43573711195052E-274,0
755,0.0272519998,0.0004872712,1,1,1,1,1,1,1,7.06665588272941E-275,0
756,0.0271034458,0.0006752457,1,1,1,1,1,1,1,7.61374053246987E-142,0
757,0.0269462682,0.0008027023,1,1,1,1,1,1,1,3.11652675723395E-099,2.34277683933065E-247
758,0.0269475154,0.0008027581,1,1,1,1,1,1,1,3.11094521928585E-099,2.40515454880821E-247
759,0.0269473361,0.0008023068,1,1,1,1,1,1,1,2.43099375056639E-099,1.28463967390474E-247
760,0.0269484257,0.000802477,1,1,1,1,1,1,1,2.59713105474299E-099,1.55943172960541E-247
761,0.0267919619,0.0008764901,1,1,1,1,1,1,1,4.13509062260715E-082,1.66386808100834E-205
762,0.0267900313,0.0008773469,1,1,1,1,1,1,1,6.17807740250653E-082,4.43489688688763E-205
763,0.0267904999,0.0008773932,1,1,1,1,1,1,1,6.23458696973327E-082,4.58308038713845E-205
764,0.0269440131,0.0008052671,1,1,1,1,1,1,1,1.36846725369744E-098,9.29338557767066E-246
765,0.0269428508,0.0008056156,1,1,1,1,1,1,1,1.70917346943918E-098,1.58347902768436E-245
766,0.0269425642,0.0008055806,1,1,1,1,1,1,1,1.68919891553941E-098,1.52639364807597E-245
767,0.0267872793,0.0008773497,1,1,1,1,1,1,1,6.56896341800811E-082,4.89560062969489E-205
768,0.0267881923,0.0008778811,1,1,1,1,1,1,1,8.04102456606201E-082,8.34166877450756E-205
769,0.0267886725,0.0008781246,1,1,1,1,1,1,1,8.80864895906764E-082,1.06225429136279E-204
770,0.026944524,0.0008055535,1,1,1,1,1,1,1,1.58098118910547E-098,1.35497045354366E-245
771,0.0269451599,0.0008065744,1,1,1,1,1,1,1,2.72477249497362E-098,5.44062063445583E-245
772,0.0269454885,0.000806458,1,1,1,1,1,1,1,2.53435663960759E-098,4.56766359978568E-245
773,0.0271027274,0.0006788763,1,1,1,1,1,1,1,2.40788868624925E-140,0
774,0.0271034347,0.0006792385,1,1,1,1,1,1,1,3.29174340563034E-140,0
775,0.0269488832,0.0007972461,1,1,1,1,1,1,1,1.35245868995761E-100,9.07155359762413E-251
776,0.0272483309,0.0005082173,1,1,1,1,1,1,1,8.89577861825686E-253,0
777,0.0272479466,0.000506793,1,1,1,1,1,1,1,3.55888141109865E-254,0
778,0.0271055734,0.0006778017,1,1,1,1,1,1,1,7.89821944042485E-141,0
779,0.0271057211,0.000677946,1,1,1,1,1,1,1,8.99673219707157E-141,0
780,0.0272508842,0.0005060474,1,1,1,1,1,1,1,5.28382575628029E-255,0
781,0.0272507087,0.0005076771,1,1,1,1,1,1,1,2.2231024214896E-253,0
782,0.0272519649,0.0005080528,1,1,1,1,1,1,1,4.80198905098173E-253,0
783,0.0271066201,0.0006716104,1,1,1,1,1,1,1,2.06384166540803E-143,0
784,0.0271069452,0.0006715587,1,1,1,1,1,1,1,1.93905430315329E-143,0
785,0.0272525433,0.0005080133,1,1,1,1,1,1,1,4.22317710713851E-253,0
786,0.0272505986,0.0005076774,1,1,1,1,1,1,1,2.2410311716016E-253,0
787,0.0271043063,0.0006708018,1,1,1,1,1,1,1,1.02934426108531E-143,0
788,0.0271041511,0.000669379,1,1,1,1,1,1,1,2.59057698579142E-144,0
789,0.0271034351,0.0006688073,1,1,1,1,1,1,1,1.52210458844692E-144,0
790,0.0271026256,0.0006694353,1,1,1,1,1,1,1,2.9014001916531E-144,0
791,0.0272496558,0.000504841,1,1,1,1,1,1,1,3.55324489718621E-256,0
792,0.0271029662,0.0006699905,1,1,1,1,1,1,1,4.92151363011627E-144,0
793,0.0272496111,0.0005050284,1,1,1,1,1,1,1,5.49707390079152E-256,0
794,0.027398962,2.87E-005,1,1,1,1,1,1,1,0,0
795,0.0272505011,0.0005073882,1,1,1,1,1,1,1,1.16737570215627E-253,0
796,0.0272498399,0.0005075679,1,1,1,1,1,1,1,1.83765599094143E-253,0
797,0.0273991456,2.92E-005,1,1,1,1,1,1,1,0,0
798,0.0273997897,2.70E-005,1,1,1,1,1,1,1,0,0
799,0.0273990895,2.72E-005,1,1,1,1,1,1,1,0,0
800,0.0272508078,0.0005094823,1,1,1,1,1,1,1,1.31589798792539E-251,0
801,0.0272498826,0.0005099394,1,1,1,1,1,1,1,3.91216109263039E-251,0
802,0.0273984719,2.82E-005,1,1,1,1,1,1,1,0,0
803,0.0273979924,2.82E-005,1,1,1,1,1,1,1,0,0
804,0.0273970282,2.77E-005,1,1,1,1,1,1,1,0,0
805,0.0274018905,3.10E-005,1,1,1,1,1,1,1,0,0
806,0.0274012057,3.10E-005,1,1,1,1,1,1,1,0,0
807,0.0274007961,3.15E-005,1,1,1,1,1,1,1,0,0
808,0.027401073,3.39E-005,1,1,1,1,1,1,1,0,0
809,0.0274017134,3.34E-005,1,1,1,1,1,1,1,0,0
810,0.0274021567,3.38E-005,1,1,1,1,1,1,1,0,0
811,0.0274030731,3.43E-005,1,1,1,1,1,1,1,0,0
812,0.0274034655,3.35E-005,1,1,1,1,1,1,1,0,0
813,0.0274038027,3.39E-005,1,1,1,1,1,1,1,0,0
814,0.027404248,3.39E-005,1,1,1,1,1,1,1,0,0
815,0.0274044267,3.35E-005,1,1,1,1,1,1,1,0,0
816,0.027403317,3.37E-005,1,1,1,1,1,1,1,0,0
817,0.0274035557,3.26E-005,1,1,1,1,1,1,1,0,0
818,0.027403893,3.31E-005,1,1,1,1,1,1,1,0,0
819,0.0274019971,3.26E-005,1,1,1,1,1,1,1,0,0
820,0.0274020822,3.20E-005,1,1,1,1,1,1,1,0,0
821,0.0274019049,3.13E-005,1,1,1,1,1,1,1,0,0
822,0.0274015516,3.16E-005,1,1,1,1,1,1,1,0,0
823,0.0274016868,3.09E-005,1,1,1,1,1,1,1,0,0
824,0.0274029811,2.98E-005,1,1,1,1,1,1,1,0,0
825,0.0274032211,3.09E-005,1,1,1,1,1,1,1,0,0
826,0.0272497049,0.0005255637,1,1,1,1,1,1,1,1.46081875166337E-236,0
827,0.0272475331,0.0005254632,1,1,1,1,1,1,1,1.36128055156651E-236,0
828,0.0272475692,0.0005259136,1,1,1,1,1,1,1,3.41914533033166E-236,0
829,0.0273988921,2.92E-005,1,1,1,1,1,1,1,0,0
830,0.0273984498,2.86E-005,1,1,1,1,1,1,1,0,0
831,0.0273972622,2.57E-005,1,1,1,1,1,1,1,0,0
832,0.0273983063,2.79E-005,1,1,1,1,1,1,1,0,0
833,0.0273992159,2.73E-005,1,1,1,1,1,1,1,0,0
834,0.0272465942,0.00052403,1,1,1,1,1,1,1,7.53351807041362E-238,0
835,0.0272474996,0.0005234217,1,1,1,1,1,1,1,2.01680726857218E-238,0
836,0.0272480343,0.0005236945,1,1,1,1,1,1,1,3.43442096904502E-238,0
837,0.0272480833,0.0005238349,1,1,1,1,1,1,1,4.58028517907616E-238,0
838,0.0272489789,0.0005237459,1,1,1,1,1,1,1,3.60063539463913E-238,0
839,0.027249407,0.000522937,1,1,1,1,1,1,1,6.52662663200536E-239,0
840,0.0272494929,0.000523388,1,1,1,1,1,1,1,1.65864838099647E-238,0
841,0.0272504371,0.0005240078,1,1,1,1,1,1,1,5.65137329768602E-238,0
842,0.0272520119,0.0005241873,1,1,1,1,1,1,1,7.42073101110386E-238,0
843,0.0272524723,0.0005235311,1,1,1,1,1,1,1,1.85046255599889E-238,0
844,0.0272528443,0.0005233835,1,1,1,1,1,1,1,1.33024090378615E-238,0
845,0.0272535005,0.0005222467,1,1,1,1,1,1,1,1.19290335748543E-239,0
846,0.0272531221,0.000521617,1,1,1,1,1,1,1,3.26559243433142E-240,0
847,0.0272548016,0.0005216474,1,1,1,1,1,1,1,3.12891509112508E-240,0
848,0.0272548784,0.0005202515,1,1,1,1,1,1,1,1.64204550475926E-241,0
849,0.0272537697,0.0005183959,1,1,1,1,1,1,1,3.40158581245498E-243,0
850,0.0272563451,0.0005182688,1,1,1,1,1,1,1,2.19617952174418E-243,0
851,0.0272555363,0.0005181937,1,1,1,1,1,1,1,1.96988100497399E-243,0
852,0.027255838,0.000519711,1,1,1,1,1,1,1,4.9120273758175E-242,0
853,0.027255667,0.0005207734,1,1,1,1,1,1,1,4.70493463627009E-241,0
854,0.0272552798,0.000519634,1,1,1,1,1,1,1,4.3223720192948E-242,0
855,0.0272538682,0.0005200755,1,1,1,1,1,1,1,1.20670905062725E-241,0
856,0.0272558008,0.0005208076,1,1,1,1,1,1,1,5.0138023637163E-241,0
857,0.0272556092,0.0005200645,1,1,1,1,1,1,1,1.05484394767341E-241,0
858,0.0272557016,0.000520713,1,1,1,1,1,1,1,4.13266912297159E-241,0
859,0.0272560179,0.0005203966,1,1,1,1,1,1,1,2.07555881018535E-241,0
860,0.0274073145,2.62E-005,1,1,1,1,1,1,1,0,0
861,0.0274083269,2.74E-005,1,1,1,1,1,1,1,0,0
862,0.0274081181,2.74E-005,1,1,1,1,1,1,1,0,0
863,0.0274088271,2.77E-005,1,1,1,1,1,1,1,0,0
864,0.0274086511,2.78E-005,1,1,1,1,1,1,1,0,0
865,0.027407569,2.87E-005,1,1,1,1,1,1,1,0,0
866,0.0274085548,2.87E-005,1,1,1,1,1,1,1,0,0
867,0.0274086395,2.84E-005,1,1,1,1,1,1,1,0,0
868,0.0274092163,2.91E-005,1,1,1,1,1,1,1,0,0
869,0.02740888,2.86E-005,1,1,1,1,1,1,1,0,0
870,0.0274099397,2.99E-005,1,1,1,1,1,1,1,0,0
871,0.0274099311,3.02E-005,1,1,1,1,1,1,1,0,0
872,0.0272624298,0.0005165275,1,1,1,1,1,1,1,3.49328669534742E-245,0
873,0.0272622503,0.0005170331,1,1,1,1,1,1,1,1.05409861170526E-244,0
874,0.0272606546,0.0005167551,1,1,1,1,1,1,1,6.41088074620505E-245,0
875,0.027261019,0.0005170079,1,1,1,1,1,1,1,1.08080221686404E-244,0
876,0.0272615362,0.0005171296,1,1,1,1,1,1,1,1.3591416504416E-244,0
877,0.0274123296,2.59E-005,1,1,1,1,1,1,1,0,0
878,0.0274121214,2.37E-005,1,1,1,1,1,1,1,0,0
879,0.0274121697,2.39E-005,1,1,1,1,1,1,1,0,0
880,0.0274114295,2.36E-005,1,1,1,1,1,1,1,0,0
881,0.0274112461,2.28E-005,1,1,1,1,1,1,1,0,0
882,0.0274113759,2.12E-005,1,1,1,1,1,1,1,0,0
883,0.0274118621,2.30E-005,1,1,1,1,1,1,1,0,0
884,0.0274111584,2.25E-005,1,1,1,1,1,1,1,0,0
885,0.0274107252,2.12E-005,1,1,1,1,1,1,1,0,0
886,0.0274109566,2.12E-005,1,1,1,1,1,1,1,0,0
887,0.027410558,2.06E-005,1,1,1,1,1,1,1,0,0
888,0.0274101285,1.99E-005,1,1,1,1,1,1,1,0,0
889,0.0274106257,1.88E-005,1,1,1,1,1,1,1,0,0
890,0.0274110688,1.85E-005,1,1,1,1,1,1,1,0,0
891,0.0274104568,1.76E-005,1,1,1,1,1,1,1,0,0
892,0.027412469,1.76E-005,1,1,1,1,1,1,1,0,0
893,0.0274110325,1.69E-005,1,1,1,1,1,1,1,0,0
894,0.0274105109,1.65E-005,1,1,1,1,1,1,1,0,0
895,0.0274088499,1.52E-005,1,1,1,1,1,1,1,0,0
896,0.0274085842,1.42E-005,1,1,1,1,1,1,1,0,0
897,0.0274081388,1.45E-005,1,1,1,1,1,1,1,0,0
898,0.027409915,1.44E-005,1,1,1,1,1,1,1,0,0
899,0.0274102155,1.48E-005,1,1,1,1,1,1,1,0,0
900,0.0274099082,1.53E-005,1,1,1,1,1,1,1,0,0
901,0.0274097388,1.50E-005,1,1,1,1,1,1,1,0,0
902,0.0274094983,1.50E-005,1,1,1,1,1,1,1,0,0
903,0.0274108973,1.36E-005,1,1,1,1,1,1,1,0,0
904,0.0274107934,1.40E-005,1,1,1,1,1,1,1,0,0
905,0.0274111576,1.49E-005,1,1,1,1,1,1,1,0,0
906,0.0274095751,1.43E-005,1,1,1,1,1,1,1,0,0
907,0.0274110859,1.49E-005,1,1,1,1,1,1,1,0,0
908,0.0274094991,1.37E-005,1,1,1,1,1,1,1,0,0
909,0.0274097953,1.48E-005,1,1,1,1,1,1,1,0,0
910,0.0274098727,1.49E-005,1,1,1,1,1,1,1,0,0
911,0.0274102782,1.48E-005,1,1,1,1,1,1,1,0,0
912,0.0274106257,1.35E-005,1,1,1,1,1,1,1,0,0
913,0.0274114445,1.37E-005,1,1,1,1,1,1,1,0,0
914,0.0274143048,1.41E-005,1,1,1,1,1,1,1,0,0
915,0.0274145074,1.50E-005,1,1,1,1,1,1,1,0,0
916,0.0274138372,1.50E-005,1,1,1,1,1,1,1,0,0
917,0.0274127894,1.50E-005,1,1,1,1,1,1,1,0,0
918,0.0274124472,1.59E-005,1,1,1,1,1,1,1,0,0
919,0.0274141349,1.58E-005,1,1,1,1,1,1,1,0,0
920,0.0274139005,1.53E-005,1,1,1,1,1,1,1,0,0
921,0.0274135479,1.52E-005,1,1,1,1,1,1,1,0,0
922,0.0274145903,1.67E-005,1,1,1,1,1,1,1,0,0
923,0.0274132,1.70E-005,1,1,1,1,1,1,1,0,0
924,0.0274145763,1.69E-005,1,1,1,1,1,1,1,0,0
925,0.0274144117,1.69E-005,1,1,1,1,1,1,1,0,0
926,0.0274146469,1.59E-005,1,1,1,1,1,1,1,0,0
927,0.0274148864,1.51E-005,1,1,1,1,1,1,1,0,0
928,0.0274134711,1.38E-005,1,1,1,1,1,1,1,0,0
929,0.027413778,1.56E-005,1,1,1,1,1,1,1,0,0
930,0.0274140352,1.50E-005,1,1,1,1,1,1,1,0,0
931,0.0274137388,1.49E-005,1,1,1,1,1,1,1,0,0
932,0.0274132983,1.49E-005,1,1,1,1,1,1,1,0,0
933,0.0274147461,1.56E-005,1,1,1,1,1,1,1,0,0
934,0.0274147953,1.45E-005,1,1,1,1,1,1,1,0,0
935,0.0274140517,1.37E-005,1,1,1,1,1,1,1,0,0
936,0.0274148053,1.35E-005,1,1,1,1,1,1,1,0,0
937,0.0274144594,1.37E-005,1,1,1,1,1,1,1,0,0
938,0.0274143812,1.39E-005,1,1,1,1,1,1,1,0,0
939,0.0274139053,1.34E-005,1,1,1,1,1,1,1,0,0
940,0.0274134015,1.29E-005,1,1,1,1,1,1,1,0,0
941,0.0274131434,1.30E-005,1,1,1,1,1,1,1,0,0
942,0.0274120579,1.30E-005,1,1,1,1,1,1,1,0,0
943,0.0274115899,1.27E-005,1,1,1,1,1,1,1,0,0
944,0.0274130176,1.40E-005,1,1,1,1,1,1,1,0,0
945,0.027412693,1.34E-005,1,1,1,1,1,1,1,0,0
946,0.0274131115,1.40E-005,1,1,1,1,1,1,1,0,0
947,0.0274120697,1.43E-005,1,1,1,1,1,1,1,0,0
948,0.0274132296,1.41E-005,1,1,1,1,1,1,1,0,0
949,0.0274134576,1.48E-005,1,1,1,1,1,1,1,0,0
950,0.0274133417,1.53E-005,1,1,1,1,1,1,1,0,0
951,0.0274139123,1.51E-005,1,1,1,1,1,1,1,0,0
952,0.0274139869,1.56E-005,1,1,1,1,1,1,1,0,0
953,0.0274142024,1.55E-005,1,1,1,1,1,1,1,0,0
954,0.0274137553,1.50E-005,1,1,1,1,1,1,1,0,0
955,0.0274138647,1.51E-005,1,1,1,1,1,1,1,0,0
956,0.0274152068,1.48E-005,1,1,1,1,1,1,1,0,0
957,0.0274141396,1.45E-005,1,1,1,1,1,1,1,0,0
958,0.027414635,1.45E-005,1,1,1,1,1,1,1,0,0
959,0.0274147871,1.30E-005,1,1,1,1,1,1,1,0,0
960,0.0274138895,1.40E-005,1,1,1,1,1,1,1,0,0
961,0.0274123948,1.46E-005,1,1,1,1,1,1,1,0,0
962,0.0274108812,1.45E-005,1,1,1,1,1,1,1,0,0
963,0.0274114783,1.47E-005,1,1,1,1,1,1,1,0,0
964,0.0274114697,1.49E-005,1,1,1,1,1,1,1,0,0
965,0.0274121979,1.44E-005,1,1,1,1,1,1,1,0,0
966,0.0274122971,1.44E-005,1,1,1,1,1,1,1,0,0
967,0.0274113142,1.49E-005,1,1,1,1,1,1,1,0,0
968,0.0274101254,1.36E-005,1,1,1,1,1,1,1,0,0
969,0.0274100269,1.35E-005,1,1,1,1,1,1,1,0,0
970,0.0274107256,1.28E-005,1,1,1,1,1,1,1,0,0
971,0.0274094738,1.10E-005,1,1,1,1,1,1,1,0,0
972,0.0274082644,1.05E-005,1,1,1,1,1,1,1,0,0
973,0.0274092917,1.09E-005,1,1,1,1,1,1,1,0,0
974,0.0274097565,9.92E-006,1,1,1,1,1,1,1,0,0
975,0.0274088026,9.37E-006,1,1,1,1,1,1,1,0,0
976,0.0274085539,9.08E-006,1,1,1,1,1,1,1,0,0
977,0.0274084833,1.00E-005,1,1,1,1,1,1,1,0,0
978,0.0274088954,9.78E-006,1,1,1,1,1,1,1,0,0
979,0.0274084051,9.71E-006,1,1,1,1,1,1,1,0,0
980,0.0274093186,9.20E-006,1,1,1,1,1,1,1,0,0
981,0.0274084759,9.20E-006,1,1,1,1,1,1,1,0,0
982,0.0274070531,9.67E-006,1,1,1,1,1,1,1,0,0
983,0.027408269,1.03E-005,1,1,1,1,1,1,1,0,0
984,0.0274090056,9.77E-006,1,1,1,1,1,1,1,0,0
985,0.0274089237,9.09E-006,1,1,1,1,1,1,1,0,0
986,0.0274087417,9.29E-006,1,1,1,1,1,1,1,0,0
987,0.0274082946,9.22E-006,1,1,1,1,1,1,1,0,0
988,0.0274054209,1.00E-005,1,1,1,1,1,1,1,0,0
989,0.0274042471,8.95E-006,1,1,1,1,1,1,1,0,0
990,0.0274041173,9.50E-006,1,1,1,1,1,1,1,0,0
991,0.027405226,9.70E-006,1,1,1,1,1,1,1,0,0
992,0.0274050928,1.01E-005,1,1,1,1,1,1,1,0,0
993,0.0274059244,9.95E-006,1,1,1,1,1,1,1,0,0
994,0.0274059299,9.90E-006,1,1,1,1,1,1,1,0,0
995,0.0274062342,9.81E-006,1,1,1,1,1,1,1,0,0
996,0.0274057953,9.97E-006,1,1,1,1,1,1,1,0,0
997,0.0274053751,9.40E-006,1,1,1,1,1,1,1,0,0
998,0.0274059918,9.38E-006,1,1,1,1,1,1,1,0,0
999,0.0274073809,8.76E-006,1,1,1,1,1,1,1,0,0
1000,0.0274070475,8.46E-006,1,1,1,1,1,1,1,0,0
1001,0.0274074568,8.37E-006,1,1,1,1,1,1,1,0,0
1002,0.0274071819,7.75E-006,1,1,1,1,1,1,1,0,0
1003,0.0274073324,7.73E-006,1,1,1,1,1,1,1,0,0
1004,0.0274080344,6.15E-006,1,1,1,1,1,1,1,0,0
1005,0.0274075952,6.63E-006,1,1,1,1,1,1,1,0,0
1006,0.0274068682,5.90E-006,1,1,1,1,1,1,1,0,0
1007,0.0274078358,5.43E-006,1,1,1,1,1,1,1,0,0
1008,0.027407986,5.65E-006,1,1,1,1,1,1,1,0,0
1009,0.0274070843,5.06E-006,1,1,1,1,1,1,1,0,0
1010,0.0274080443,4.87E-006,1,1,1,1,1,1,1,0,0
1011,0.027407925,5.14E-006,1,1,1,1,1,1,1,0,0
1012,0.0274067069,4.89E-006,1,1,1,1,1,1,1,0,0
1013,0.0274070717,5.37E-006,1,1,1,1,1,1,1,0,0
1014,0.0274074997,5.53E-006,1,1,1,1,1,1,1,0,0
1015,0.0274066224,4.63E-006,1,1,1,1,1,1,1,0,0
1016,0.027406178,4.80E-006,1,1,1,1,1,1,1,0,0
1017,0.0274057399,4.20E-006,1,1,1,1,1,1,1,0,0
1018,0.0274067505,4.64E-006,1,1,1,1,1,1,1,0,0
1019,0.0274073423,4.75E-006,1,1,1,1,1,1,1,0,0
1020,0.0274075703,4.36E-006,1,1,1,1,1,1,1,0,0
1021,0.0274064947,4.39E-006,1,1,1,1,1,1,1,0,0
1022,0.0274057321,3.53E-006,1,1,1,1,1,1,1,0,0
1023,0.0274053915,2.47E-006,1,1,1,1,1,1,1,0,0
1024,0.0274053469,2.55E-006,1,1,1,1,1,1,1,0,0
